Krzysztof,UI/UX Designer,Wroclaw,Poland,84640
Piotr,Quality Assurance Engineer,Gdansk,Poland,89440
Michal,Senior Software Developer,Wroclaw,Poland,57309
Piotr,UI/UX Designer,Wroclaw,Poland,98143
Katarzyna,DevOps Engineer,Krakow,Poland,88158
Lena,Data Scientist,Munich,Germany,61613
Krzysztof,Quality Assurance Engineer,Warsaw,Poland,99598
John,Senior Software Developer,Dresden,Germany,55102
Marek,Senior Software Developer,Krakow,Poland,76805
John,Quality Assurance Engineer,Munich,Germany,48253
Krzysztof,Frontend Developer,Krakow,Poland,62654
Katarzyna,Product Owner,Krakow,Poland,85241
Michal,Frontend Developer,Warsaw,Poland,78408
Marek,Product Owner,Warsaw,Poland,86955
Piotr,UI/UX Designer,Gdansk,Poland,56961
Anna,Software Developer,Krakow,Poland,89179
Kasia,Project Manager,Gdansk,Poland,87853
Michal,Project Manager,Warsaw,Poland,53658
Marek,DevOps Engineer,Wroclaw,Poland,70985
Michal,Software Developer,Wroclaw,Poland,72894
Marek,Quality Assurance Engineer,Warsaw,Poland,78184
Michal,DevOps Engineer,Warsaw,Poland,92506
Kasia,Quality Assurance Engineer,Wroclaw,Poland,89628
Krzysztof,Software Developer,Krakow,Poland,63388
Katarzyna,Quality Assurance Engineer,Warsaw,Poland,89341
Kasia,Backend Developer,Gdansk,Poland,55944
Kasia,Backend Developer,Wroclaw,Poland,55566
Kasia,Software Developer,Krakow,Poland,70624
Oliver,Quality Assurance Engineer,Dresden,Germany,77368
Nina,Product Owner,Cologne,Germany,77546
Michal,Quality Assurance Engineer,Krakow,Poland,74256
Marek,Senior Software Developer,Krakow,Poland,88513
Anna,Backend Developer,Krakow,Poland,70171
Piotr,Frontend Developer,Warsaw,Poland,77672
Marek,UI/UX Designer,Warsaw,Poland,86162
Katarzyna,Project Manager,Krakow,Poland,88447
Marek,Frontend Developer,Wroclaw,Poland,91950
Marek,Software Developer,Warsaw,Poland,61484
Kasia,Senior Software Developer,Wroclaw,Poland,87324
Katarzyna,UI/UX Designer,Wroclaw,Poland,88845
Kasia,UI/UX Designer,Warsaw,Poland,80670
Kasia,Software Developer,Wroclaw,Poland,67533
Marek,Frontend Developer,Krakow,Poland,99790
Katarzyna,Product Owner,Gdansk,Poland,70658
Krzysztof,Frontend Developer,Wroclaw,Poland,93313
Marek,Quality Assurance Engineer,Warsaw,Poland,63852
Katarzyna,Quality Assurance Engineer,Gdansk,Poland,63333
Kasia,Senior Software Developer,Gdansk,Poland,54643
Krzysztof,Software Developer,Warsaw,Poland,95618
Krzysztof,Software Developer,Warsaw,Poland,65645
Katarzyna,DevOps Engineer,Warsaw,Poland,64344
Marek,Project Manager,Warsaw,Poland,69976
Krzysztof,UI/UX Designer,Gdansk,Poland,57280
Piotr,Project Manager,Krakow,Poland,50939
Anna,Backend Developer,Gdansk,Poland,66504
Katarzyna,Software Developer,Wroclaw,Poland,78437
Michal,Product Owner,Warsaw,Poland,87885
Anna,Backend Developer,Gdansk,Poland,69448
Marek,Senior Software Developer,Gdansk,Poland,52073
Alex,Quality Assurance Engineer,Frankfurt,Germany,55111
Marek,Quality Assurance Engineer,Krakow,Poland,90002
Kasia,Data Scientist,Warsaw,Poland,62009
Piotr,DevOps Engineer,Wroclaw,Poland,87540
Michal,Frontend Developer,Wroclaw,Poland,60961
Marek,Data Scientist,Gdansk,Poland,75243
Maria,Product Owner,Munich,Germany,64664
Piotr,Quality Assurance Engineer,Krakow,Poland,59348
Anna,Data Scientist,Krakow,Poland,64366
Katarzyna,Project Manager,Krakow,Poland,59201
Anna,Product Owner,Wroclaw,Poland,97474
Lena,Backend Developer,Cologne,Germany,53919
Piotr,Data Scientist,Krakow,Poland,89712
Michal,Product Owner,Gdansk,Poland,67961
Katarzyna,DevOps Engineer,Wroclaw,Poland,80318
Michal,Project Manager,Gdansk,Poland,82592
Michal,Project Manager,Wroclaw,Poland,70780
Kasia,Backend Developer,Gdansk,Poland,77696
Katarzyna,Senior Software Developer,Krakow,Poland,84335
Anna,Project Manager,Warsaw,Poland,68124
Michal,UI/UX Designer,Krakow,Poland,63266
Michal,Frontend Developer,Gdansk,Poland,89260
Michal,Software Developer,Warsaw,Poland,84609
Krzysztof,DevOps Engineer,Krakow,Poland,83127
Katarzyna,Software Developer,Krakow,Poland,77164
Anna,Project Manager,Gdansk,Poland,68187
Anna,Software Developer,Warsaw,Poland,55897
Michal,Project Manager,Warsaw,Poland,54336
Piotr,UI/UX Designer,Wroclaw,Poland,59474
Kasia,Data Scientist,Gdansk,Poland,97234
Anna,Senior Software Developer,Warsaw,Poland,56157
Anna,Project Manager,Warsaw,Poland,98030
Piotr,UI/UX Designer,Warsaw,Poland,79760
Simon,Product Owner,Bremen,Germany,58539
Katarzyna,Software Developer,Gdansk,Poland,79617
Katarzyna,Frontend Developer,Krakow,Poland,93508
Katarzyna,Senior Software Developer,Warsaw,Poland,89530
Alex,Project Manager,Bremen,Germany,59727
Marek,Data Scientist,Wroclaw,Poland,92360
Felix,DevOps Engineer,Stuttgart,Germany,47772
Krzysztof,Data Scientist,Krakow,Poland,92493
Anna,UI/UX Designer,Krakow,Poland,73194
Piotr,Frontend Developer,Gdansk,Poland,70330
Katarzyna,Software Developer,Gdansk,Poland,83793
Marek,Data Scientist,Gdansk,Poland,92283
Anna,DevOps Engineer,Wroclaw,Poland,61650
Marek,Senior Software Developer,Wroclaw,Poland,53617
Katarzyna,Project Manager,Warsaw,Poland,87295
Michal,Senior Software Developer,Wroclaw,Poland,75825
Kasia,Data Scientist,Gdansk,Poland,80581
Katarzyna,Senior Software Developer,Warsaw,Poland,79491
Sophie,Quality Assurance Engineer,Stuttgart,Germany,65689
Anna,Data Scientist,Warsaw,Poland,86275
Felix,Quality Assurance Engineer,Munich,Germany,46008
Oliver,Project Manager,Munich,Germany,62149
Katarzyna,Quality Assurance Engineer,Krakow,Poland,72136
Michal,Quality Assurance Engineer,Krakow,Poland,81233
Katarzyna,UI/UX Designer,Krakow,Poland,84423
Piotr,Project Manager,Wroclaw,Poland,74647
Michal,Quality Assurance Engineer,Wroclaw,Poland,90457
Katarzyna,Data Scientist,Gdansk,Poland,85054
Michal,Frontend Developer,Krakow,Poland,63902
Anna,Backend Developer,Gdansk,Poland,76701
Michal,DevOps Engineer,Warsaw,Poland,79832
Katarzyna,Software Developer,Wroclaw,Poland,99914
Anna,UI/UX Designer,Gdansk,Poland,96591
Anna,Product Owner,Gdansk,Poland,83955
Krzysztof,UI/UX Designer,Wroclaw,Poland,97022
Krzysztof,Software Developer,Wroclaw,Poland,87165
Katarzyna,Quality Assurance Engineer,Gdansk,Poland,86338
Katarzyna,Data Scientist,Warsaw,Poland,71093
Katarzyna,Product Owner,Gdansk,Poland,96299
Kasia,Data Scientist,Warsaw,Poland,59814
Katarzyna,Senior Software Developer,Wroclaw,Poland,52029
Katarzyna,Project Manager,Krakow,Poland,83238
Katarzyna,Data Scientist,Warsaw,Poland,89342
Alex,Senior Software Developer,Dresden,Germany,41509
Kasia,Software Developer,Gdansk,Poland,60550
Katarzyna,DevOps Engineer,Wroclaw,Poland,70998
Kasia,Data Scientist,Wroclaw,Poland,57184
Piotr,Backend Developer,Gdansk,Poland,76329
Kasia,Frontend Developer,Wroclaw,Poland,72282
Katarzyna,DevOps Engineer,Warsaw,Poland,95773
Piotr,Software Developer,Wroclaw,Poland,59307
Krzysztof,Product Owner,Krakow,Poland,51648
Krzysztof,Frontend Developer,Krakow,Poland,61365
Kasia,Quality Assurance Engineer,Wroclaw,Poland,69534
Krzysztof,UI/UX Designer,Warsaw,Poland,59418
Anna,Senior Software Developer,Warsaw,Poland,53516
Marek,Frontend Developer,Gdansk,Poland,82443
Marek,Project Manager,Krakow,Poland,91456
Katarzyna,Software Developer,Krakow,Poland,56999
Michal,DevOps Engineer,Wroclaw,Poland,86655
Kasia,DevOps Engineer,Gdansk,Poland,73165
Krzysztof,DevOps Engineer,Warsaw,Poland,62777
John,Backend Developer,Frankfurt,Germany,55882
Michal,Software Developer,Wroclaw,Poland,67397
Michal,Backend Developer,Warsaw,Poland,65483
Marek,Project Manager,Gdansk,Poland,69344
Katarzyna,Product Owner,Gdansk,Poland,95450
Anna,Frontend Developer,Warsaw,Poland,80511
Kasia,Senior Software Developer,Gdansk,Poland,70270
Kasia,Data Scientist,Wroclaw,Poland,80110
Piotr,Backend Developer,Warsaw,Poland,58112
Anna,Backend Developer,Krakow,Poland,86137
Anna,Frontend Developer,Wroclaw,Poland,90145
Piotr,Frontend Developer,Wroclaw,Poland,79512
Sophie,Backend Developer,Berlin,Germany,69226
Michal,Backend Developer,Wroclaw,Poland,81919
Anna,DevOps Engineer,Warsaw,Poland,67926
Kasia,Data Scientist,Warsaw,Poland,87388
Kasia,Frontend Developer,Gdansk,Poland,87966
Kasia,Product Owner,Wroclaw,Poland,60196
Krzysztof,UI/UX Designer,Wroclaw,Poland,68191
John,Backend Developer,Cologne,Germany,55216
Katarzyna,Senior Software Developer,Gdansk,Poland,74561
Michal,Product Owner,Warsaw,Poland,58348
Katarzyna,Software Developer,Krakow,Poland,81051
Piotr,Data Scientist,Krakow,Poland,81222
Felix,Product Owner,Bremen,Germany,63619
Krzysztof,DevOps Engineer,Krakow,Poland,88970
Piotr,Frontend Developer,Gdansk,Poland,55940
Michal,Project Manager,Gdansk,Poland,67662
Krzysztof,Software Developer,Krakow,Poland,67954
Katarzyna,Software Developer,Krakow,Poland,67299
Kasia,DevOps Engineer,Krakow,Poland,82369
Katarzyna,UI/UX Designer,Krakow,Poland,76061
Marek,Software Developer,Warsaw,Poland,91513
John,Software Developer,Bremen,Germany,70155
Katarzyna,DevOps Engineer,Krakow,Poland,60999
Michal,Product Owner,Warsaw,Poland,50042
Anna,Frontend Developer,Krakow,Poland,96348
Katarzyna,Software Developer,Wroclaw,Poland,90267
Piotr,Project Manager,Gdansk,Poland,80391
Kasia,Quality Assurance Engineer,Gdansk,Poland,57253
Anna,Backend Developer,Warsaw,Poland,71237
Marek,DevOps Engineer,Gdansk,Poland,53969
Kasia,DevOps Engineer,Gdansk,Poland,63573
Oliver,Quality Assurance Engineer,Bremen,Germany,48828
Eva,Senior Software Developer,Berlin,Germany,53388
Krzysztof,Frontend Developer,Krakow,Poland,92651
Katarzyna,Data Scientist,Gdansk,Poland,53093
Marek,Product Owner,Gdansk,Poland,92605
Piotr,DevOps Engineer,Wroclaw,Poland,56746
Katarzyna,Software Developer,Krakow,Poland,68820
Marek,Quality Assurance Engineer,Gdansk,Poland,74455
Anna,Frontend Developer,Krakow,Poland,93432
Sophie,Senior Software Developer,Hamburg,Germany,75057
Piotr,Product Owner,Gdansk,Poland,67095
Sophie,Project Manager,Dresden,Germany,73979
Katarzyna,UI/UX Designer,Gdansk,Poland,72159
Katarzyna,Software Developer,Krakow,Poland,53549
Katarzyna,Quality Assurance Engineer,Warsaw,Poland,98484
Piotr,Backend Developer,Warsaw,Poland,56270
Katarzyna,Project Manager,Wroclaw,Poland,58105
Krzysztof,Frontend Developer,Gdansk,Poland,61491
Katarzyna,Frontend Developer,Gdansk,Poland,74718
Piotr,Data Scientist,Warsaw,Poland,78503
Marek,Project Manager,Krakow,Poland,57015
Marek,Product Owner,Warsaw,Poland,51349
Kasia,Data Scientist,Krakow,Poland,63280
Katarzyna,UI/UX Designer,Gdansk,Poland,63083
Krzysztof,Project Manager,Gdansk,Poland,79171
Anna,Backend Developer,Krakow,Poland,89921
Nina,Data Scientist,Stuttgart,Germany,73714
Anna,Quality Assurance Engineer,Krakow,Poland,88056
Katarzyna,Frontend Developer,Warsaw,Poland,73073
Michal,Product Owner,Gdansk,Poland,75044
Piotr,Senior Software Developer,Warsaw,Poland,81483
Alex,Frontend Developer,Bremen,Germany,54794
Krzysztof,Backend Developer,Warsaw,Poland,65042
Marek,DevOps Engineer,Gdansk,Poland,87530
Kasia,Project Manager,Krakow,Poland,63218
Michal,Backend Developer,Krakow,Poland,64939
Lena,Data Scientist,Leipzig,Germany,70841
Marek,Software Developer,Wroclaw,Poland,88271
Anna,UI/UX Designer,Wroclaw,Poland,92953
Krzysztof,Frontend Developer,Krakow,Poland,60308
Kasia,Frontend Developer,Gdansk,Poland,56570
Katarzyna,Software Developer,Warsaw,Poland,99755
Piotr,Data Scientist,Warsaw,Poland,78158
Anna,Quality Assurance Engineer,Gdansk,Poland,94678
Krzysztof,Data Scientist,Krakow,Poland,51160
Marek,Data Scientist,Warsaw,Poland,94234
Kasia,Product Owner,Krakow,Poland,72674
Anna,Project Manager,Krakow,Poland,84043
Piotr,Senior Software Developer,Wroclaw,Poland,61499
Kasia,Project Manager,Gdansk,Poland,92133
Marek,Data Scientist,Krakow,Poland,65720
Michal,Frontend Developer,Krakow,Poland,93044
Marek,DevOps Engineer,Warsaw,Poland,60431
Anna,Software Developer,Gdansk,Poland,83184
Marek,DevOps Engineer,Krakow,Poland,59269
Krzysztof,Senior Software Developer,Warsaw,Poland,52806
Michal,Software Developer,Wroclaw,Poland,78088
Marek,Data Scientist,Krakow,Poland,81801
Michal,Backend Developer,Gdansk,Poland,69661
Anna,UI/UX Designer,Warsaw,Poland,80605
Michal,DevOps Engineer,Krakow,Poland,95252
Kasia,Product Owner,Wroclaw,Poland,72453
Katarzyna,Product Owner,Wroclaw,Poland,79267
Anna,Senior Software Developer,Warsaw,Poland,82922
Anna,Backend Developer,Warsaw,Poland,55870
Sophie,Product Owner,Bremen,Germany,72550
Michal,Quality Assurance Engineer,Krakow,Poland,86796
Piotr,Data Scientist,Wroclaw,Poland,50714
Marek,Software Developer,Krakow,Poland,67208
Michal,UI/UX Designer,Warsaw,Poland,71505
Marek,Project Manager,Gdansk,Poland,80775
Marek,Frontend Developer,Wroclaw,Poland,79498
John,Data Scientist,Bremen,Germany,66873
Krzysztof,Project Manager,Krakow,Poland,64247
Kasia,DevOps Engineer,Krakow,Poland,76237
Katarzyna,Project Manager,Gdansk,Poland,73686
Anna,UI/UX Designer,Wroclaw,Poland,95241
Piotr,Project Manager,Krakow,Poland,68346
Marek,UI/UX Designer,Warsaw,Poland,81656
Katarzyna,Project Manager,Gdansk,Poland,59395
Piotr,Data Scientist,Krakow,Poland,85242
Kasia,Quality Assurance Engineer,Warsaw,Poland,88893
Katarzyna,Senior Software Developer,Wroclaw,Poland,57167
Krzysztof,Frontend Developer,Krakow,Poland,67543
Marek,Quality Assurance Engineer,Warsaw,Poland,63997
Katarzyna,Backend Developer,Gdansk,Poland,91580
Marek,Software Developer,Warsaw,Poland,66024
Kasia,Frontend Developer,Wroclaw,Poland,56253
Piotr,DevOps Engineer,Krakow,Poland,69578
Michal,Senior Software Developer,Wroclaw,Poland,58085
Michal,Senior Software Developer,Krakow,Poland,85574
Anna,Backend Developer,Krakow,Poland,87918
Maria,Software Developer,Leipzig,Germany,67114
Lena,Frontend Developer,Cologne,Germany,44696
Marek,Software Developer,Warsaw,Poland,97147
Marek,Frontend Developer,Krakow,Poland,73817
Katarzyna,Frontend Developer,Krakow,Poland,80619
Michal,Data Scientist,Gdansk,Poland,58397
Piotr,Product Owner,Krakow,Poland,78630
Alex,Senior Software Developer,Stuttgart,Germany,77436
Michal,Senior Software Developer,Wroclaw,Poland,87221
Marek,DevOps Engineer,Krakow,Poland,72992
Marek,UI/UX Designer,Gdansk,Poland,81901
Kasia,Senior Software Developer,Wroclaw,Poland,90480
Kasia,Senior Software Developer,Krakow,Poland,52929
John,Senior Software Developer,Dresden,Germany,56158
John,DevOps Engineer,Nuremberg,Germany,65131
Katarzyna,DevOps Engineer,Wroclaw,Poland,86038
Anna,Frontend Developer,Wroclaw,Poland,60063
Krzysztof,Data Scientist,Wroclaw,Poland,82393
Krzysztof,UI/UX Designer,Warsaw,Poland,52126
Krzysztof,Senior Software Developer,Gdansk,Poland,84008
Michal,Data Scientist,Warsaw,Poland,85610
Michal,Senior Software Developer,Krakow,Poland,94060
Marek,Quality Assurance Engineer,Warsaw,Poland,63906
Piotr,DevOps Engineer,Warsaw,Poland,86733
Kasia,Data Scientist,Krakow,Poland,81324
Piotr,UI/UX Designer,Krakow,Poland,80134
Marek,Data Scientist,Wroclaw,Poland,86118
Piotr,DevOps Engineer,Gdansk,Poland,77081
Krzysztof,Backend Developer,Wroclaw,Poland,57893
Marek,Senior Software Developer,Wroclaw,Poland,65023
Maria,Data Scientist,Dresden,Germany,64404
Krzysztof,Frontend Developer,Gdansk,Poland,97091
Anna,Backend Developer,Gdansk,Poland,85297
Krzysztof,Frontend Developer,Gdansk,Poland,52019
Katarzyna,Backend Developer,Krakow,Poland,55564
Nina,DevOps Engineer,Cologne,Germany,56239
Anna,Software Developer,Gdansk,Poland,72419
Marek,Backend Developer,Krakow,Poland,81940
Katarzyna,Project Manager,Warsaw,Poland,64109
Maria,Senior Software Developer,Dresden,Germany,49293
Krzysztof,Senior Software Developer,Wroclaw,Poland,78094
Marek,Software Developer,Gdansk,Poland,65168
Marek,Quality Assurance Engineer,Wroclaw,Poland,54261
Katarzyna,Software Developer,Wroclaw,Poland,70030
Krzysztof,DevOps Engineer,Gdansk,Poland,87810
Anna,UI/UX Designer,Krakow,Poland,60952
Kasia,DevOps Engineer,Wroclaw,Poland,80656
Krzysztof,UI/UX Designer,Warsaw,Poland,81408
Piotr,Software Developer,Krakow,Poland,62006
Marek,Quality Assurance Engineer,Wroclaw,Poland,55765
Marek,Product Owner,Gdansk,Poland,72465
Kasia,Frontend Developer,Krakow,Poland,60378
Michal,Frontend Developer,Warsaw,Poland,85052
Anna,Senior Software Developer,Warsaw,Poland,86805
Marek,Quality Assurance Engineer,Wroclaw,Poland,99754
Piotr,Backend Developer,Krakow,Poland,81409
Marek,Backend Developer,Wroclaw,Poland,52478
Anna,UI/UX Designer,Warsaw,Poland,79995
Anna,Senior Software Developer,Wroclaw,Poland,57035
Kasia,Software Developer,Gdansk,Poland,91630
Marek,Product Owner,Krakow,Poland,63566
Kasia,DevOps Engineer,Krakow,Poland,72571
Krzysztof,DevOps Engineer,Wroclaw,Poland,51234
Katarzyna,Senior Software Developer,Gdansk,Poland,71483
Piotr,Senior Software Developer,Gdansk,Poland,90058
Michal,Project Manager,Warsaw,Poland,52727
Katarzyna,Senior Software Developer,Warsaw,Poland,54223
Anna,Data Scientist,Gdansk,Poland,78246
Lena,Senior Software Developer,Bremen,Germany,47533
Piotr,Software Developer,Warsaw,Poland,79102
Piotr,Project Manager,Krakow,Poland,72178
Kasia,Project Manager,Krakow,Poland,98258
Kasia,DevOps Engineer,Warsaw,Poland,74749
Marek,Senior Software Developer,Gdansk,Poland,69180
Kasia,Backend Developer,Warsaw,Poland,95421
Anna,Software Developer,Warsaw,Poland,88950
Marek,Senior Software Developer,Warsaw,Poland,96679
Sophie,Frontend Developer,Leipzig,Germany,71401
Nina,Frontend Developer,Leipzig,Germany,57437
Kasia,Software Developer,Wroclaw,Poland,82698
Kasia,Project Manager,Gdansk,Poland,84817
Kasia,Product Owner,Wroclaw,Poland,51024
Michal,DevOps Engineer,Warsaw,Poland,93020
Katarzyna,Frontend Developer,Gdansk,Poland,97388
Kasia,DevOps Engineer,Gdansk,Poland,69434
Krzysztof,Senior Software Developer,Wroclaw,Poland,66056
Piotr,Software Developer,Wroclaw,Poland,62954
Nina,Software Developer,Nuremberg,Germany,60768
Katarzyna,Project Manager,Warsaw,Poland,64796
Marek,DevOps Engineer,Warsaw,Poland,54843
Piotr,Software Developer,Krakow,Poland,54905
Michal,Senior Software Developer,Warsaw,Poland,64274
Piotr,Senior Software Developer,Krakow,Poland,57049
Piotr,Quality Assurance Engineer,Gdansk,Poland,67364
Simon,Senior Software Developer,Leipzig,Germany,69259
Katarzyna,Product Owner,Gdansk,Poland,91023
Piotr,Data Scientist,Gdansk,Poland,97585
Krzysztof,Frontend Developer,Gdansk,Poland,88118
Katarzyna,Product Owner,Gdansk,Poland,99874
Piotr,Data Scientist,Wroclaw,Poland,93696
Piotr,UI/UX Designer,Wroclaw,Poland,58959
Nina,Frontend Developer,Hamburg,Germany,53587
Kasia,Software Developer,Warsaw,Poland,53042
Marek,Frontend Developer,Wroclaw,Poland,94375
Anna,DevOps Engineer,Gdansk,Poland,93096
Michal,Data Scientist,Krakow,Poland,62249
Anna,Frontend Developer,Krakow,Poland,94670
Krzysztof,Senior Software Developer,Gdansk,Poland,67861
Anna,UI/UX Designer,Wroclaw,Poland,63963
Kasia,UI/UX Designer,Gdansk,Poland,78291
Katarzyna,Backend Developer,Gdansk,Poland,86333
Michal,Project Manager,Wroclaw,Poland,54596
Krzysztof,DevOps Engineer,Wroclaw,Poland,94114
Michal,Software Developer,Gdansk,Poland,63921
Kasia,UI/UX Designer,Warsaw,Poland,97123
Krzysztof,UI/UX Designer,Gdansk,Poland,85173
Marek,Software Developer,Warsaw,Poland,64505
Marek,Backend Developer,Krakow,Poland,88009
Michal,Data Scientist,Gdansk,Poland,91086
Oliver,DevOps Engineer,Bremen,Germany,52089
Piotr,Product Owner,Gdansk,Poland,89368
Anna,Quality Assurance Engineer,Krakow,Poland,53487
Kasia,Senior Software Developer,Wroclaw,Poland,74697
Piotr,Frontend Developer,Gdansk,Poland,61989
Krzysztof,Software Developer,Warsaw,Poland,77586
Michal,Software Developer,Krakow,Poland,96842
Anna,Frontend Developer,Wroclaw,Poland,71252
Marek,Software Developer,Gdansk,Poland,54724
Piotr,Backend Developer,Warsaw,Poland,98684
Piotr,Product Owner,Krakow,Poland,87192
Marek,Project Manager,Krakow,Poland,95148
Simon,Frontend Developer,Bremen,Germany,53432
Marek,Senior Software Developer,Gdansk,Poland,99909
Piotr,Product Owner,Gdansk,Poland,79144
Anna,Data Scientist,Wroclaw,Poland,55691
Piotr,Product Owner,Wroclaw,Poland,71736
Kasia,Quality Assurance Engineer,Wroclaw,Poland,51989
Anna,Data Scientist,Warsaw,Poland,53996
Anna,DevOps Engineer,Krakow,Poland,87358
Piotr,Senior Software Developer,Krakow,Poland,65298
Krzysztof,UI/UX Designer,Krakow,Poland,90638
Piotr,Senior Software Developer,Krakow,Poland,57562
Kasia,Quality Assurance Engineer,Warsaw,Poland,71685
Kasia,Project Manager,Wroclaw,Poland,97331
Krzysztof,Frontend Developer,Warsaw,Poland,50942
Marek,Software Developer,Gdansk,Poland,82279
Anna,Project Manager,Gdansk,Poland,50451
Piotr,UI/UX Designer,Gdansk,Poland,53965
Sophie,Quality Assurance Engineer,Frankfurt,Germany,55958
Katarzyna,Senior Software Developer,Gdansk,Poland,53652
Anna,Senior Software Developer,Krakow,Poland,96772
Kasia,Software Developer,Krakow,Poland,62132
Anna,Backend Developer,Warsaw,Poland,61427
Michal,Product Owner,Gdansk,Poland,90108
Katarzyna,Data Scientist,Wroclaw,Poland,93041
Marek,Senior Software Developer,Wroclaw,Poland,94639
Anna,Frontend Developer,Krakow,Poland,79895
Kasia,Project Manager,Krakow,Poland,81432
Marek,Senior Software Developer,Krakow,Poland,76826
Felix,UI/UX Designer,Bremen,Germany,70440
Anna,DevOps Engineer,Wroclaw,Poland,83335
Katarzyna,Software Developer,Wroclaw,Poland,52873
Michal,Data Scientist,Krakow,Poland,62409
Marek,DevOps Engineer,Wroclaw,Poland,63961
Krzysztof,Senior Software Developer,Gdansk,Poland,57434
Anna,Quality Assurance Engineer,Gdansk,Poland,75211
Katarzyna,Frontend Developer,Krakow,Poland,69877
Anna,Backend Developer,Wroclaw,Poland,98881
Maria,UI/UX Designer,Bremen,Germany,50289
Krzysztof,Quality Assurance Engineer,Krakow,Poland,53310
Katarzyna,DevOps Engineer,Krakow,Poland,58107
Marek,Frontend Developer,Krakow,Poland,63847
Marek,Frontend Developer,Warsaw,Poland,90793
Katarzyna,Quality Assurance Engineer,Krakow,Poland,97423
Krzysztof,Data Scientist,Wroclaw,Poland,83109
Kasia,Project Manager,Krakow,Poland,60696
Marek,Senior Software Developer,Warsaw,Poland,56374
Anna,Data Scientist,Wroclaw,Poland,77802
Michal,Software Developer,Warsaw,Poland,51197
Krzysztof,UI/UX Designer,Krakow,Poland,92059
Marek,Data Scientist,Krakow,Poland,87020
Marek,Project Manager,Warsaw,Poland,53654
Anna,Senior Software Developer,Krakow,Poland,73282
Katarzyna,Frontend Developer,Krakow,Poland,93108
Marek,Data Scientist,Warsaw,Poland,93552
Marek,DevOps Engineer,Gdansk,Poland,66444
Katarzyna,Project Manager,Warsaw,Poland,60967
Anna,Frontend Developer,Warsaw,Poland,51943
Katarzyna,Frontend Developer,Krakow,Poland,57606
Michal,DevOps Engineer,Krakow,Poland,51779
Piotr,Software Developer,Gdansk,Poland,60100
Michal,Quality Assurance Engineer,Gdansk,Poland,91736
Anna,Project Manager,Warsaw,Poland,65758
Katarzyna,Product Owner,Warsaw,Poland,73103
Kasia,Product Owner,Warsaw,Poland,94329
Michal,Project Manager,Krakow,Poland,67490
Michal,Project Manager,Wroclaw,Poland,87871
Michal,Data Scientist,Warsaw,Poland,50693
Anna,Data Scientist,Wroclaw,Poland,97827
Kasia,Product Owner,Wroclaw,Poland,55389
Piotr,Frontend Developer,Warsaw,Poland,61481
Krzysztof,Quality Assurance Engineer,Gdansk,Poland,54796
Krzysztof,DevOps Engineer,Warsaw,Poland,98768
Piotr,Backend Developer,Wroclaw,Poland,64148
Anna,DevOps Engineer,Gdansk,Poland,56997
Michal,Quality Assurance Engineer,Krakow,Poland,59303
Katarzyna,Backend Developer,Wroclaw,Poland,54667
Piotr,Data Scientist,Wroclaw,Poland,95173
John,Data Scientist,Nuremberg,Germany,50129
Krzysztof,Senior Software Developer,Warsaw,Poland,74996
Marek,Data Scientist,Gdansk,Poland,64903
Michal,UI/UX Designer,Gdansk,Poland,80435
Katarzyna,Backend Developer,Warsaw,Poland,69575
Krzysztof,Quality Assurance Engineer,Krakow,Poland,73471
Michal,Project Manager,Warsaw,Poland,94757
Krzysztof,Project Manager,Krakow,Poland,99067
Krzysztof,Quality Assurance Engineer,Krakow,Poland,56420
Marek,UI/UX Designer,Warsaw,Poland,74403
Marek,Product Owner,Krakow,Poland,79896
Piotr,UI/UX Designer,Krakow,Poland,61195
Kasia,Senior Software Developer,Krakow,Poland,60139
Anna,Quality Assurance Engineer,Gdansk,Poland,60466
Krzysztof,Data Scientist,Gdansk,Poland,55794
Kasia,Frontend Developer,Krakow,Poland,70847
Piotr,Data Scientist,Warsaw,Poland,67753
Krzysztof,UI/UX Designer,Gdansk,Poland,94640
Piotr,DevOps Engineer,Gdansk,Poland,73996
Marek,UI/UX Designer,Warsaw,Poland,83186
Katarzyna,Data Scientist,Warsaw,Poland,85979
Michal,Software Developer,Warsaw,Poland,97516
Anna,Frontend Developer,Krakow,Poland,64451
Krzysztof,Product Owner,Wroclaw,Poland,61630
Oliver,Data Scientist,Nuremberg,Germany,53293
Piotr,Quality Assurance Engineer,Wroclaw,Poland,78982
Piotr,Backend Developer,Wroclaw,Poland,59516
Piotr,UI/UX Designer,Warsaw,Poland,72606
Krzysztof,Product Owner,Wroclaw,Poland,57885
Anna,Senior Software Developer,Warsaw,Poland,57985
Felix,DevOps Engineer,Stuttgart,Germany,54143
Kasia,Software Developer,Warsaw,Poland,82417
Katarzyna,Project Manager,Wroclaw,Poland,86184
Sophie,Quality Assurance Engineer,Munich,Germany,79356
Kasia,Frontend Developer,Gdansk,Poland,63390
Marek,Project Manager,Wroclaw,Poland,79743
Marek,Quality Assurance Engineer,Gdansk,Poland,54320
Katarzyna,Data Scientist,Krakow,Poland,62627
Krzysztof,Product Owner,Wroclaw,Poland,73358
Michal,Software Developer,Gdansk,Poland,61187
Katarzyna,DevOps Engineer,Krakow,Poland,69037
Simon,Quality Assurance Engineer,Berlin,Germany,54258
Anna,UI/UX Designer,Gdansk,Poland,79078
Piotr,Project Manager,Krakow,Poland,95203
Piotr,Project Manager,Warsaw,Poland,96254
Krzysztof,Frontend Developer,Warsaw,Poland,58149
Anna,Product Owner,Gdansk,Poland,75224
Michal,Data Scientist,Gdansk,Poland,63337
Nina,Senior Software Developer,Berlin,Germany,74723
Michal,DevOps Engineer,Krakow,Poland,67117
Krzysztof,Backend Developer,Gdansk,Poland,84132
Marek,Frontend Developer,Wroclaw,Poland,99175
Katarzyna,Project Manager,Wroclaw,Poland,94071
Michal,Frontend Developer,Wroclaw,Poland,86104
Marek,DevOps Engineer,Warsaw,Poland,73228
Piotr,DevOps Engineer,Krakow,Poland,79439
Katarzyna,Backend Developer,Wroclaw,Poland,92013
Felix,Product Owner,Hamburg,Germany,59405
Piotr,UI/UX Designer,Warsaw,Poland,99665
Anna,UI/UX Designer,Gdansk,Poland,89648
Marek,Backend Developer,Wroclaw,Poland,87079
Anna,Product Owner,Krakow,Poland,53869
Oliver,Senior Software Developer,Leipzig,Germany,55711
Marek,Frontend Developer,Warsaw,Poland,61689
Michal,Quality Assurance Engineer,Warsaw,Poland,57214
Kasia,Product Owner,Gdansk,Poland,73069
Krzysztof,Project Manager,Wroclaw,Poland,78145
Katarzyna,Backend Developer,Krakow,Poland,91496
Katarzyna,Senior Software Developer,Gdansk,Poland,90778
Kasia,Frontend Developer,Krakow,Poland,56010
Kasia,Product Owner,Wroclaw,Poland,67983
Eva,Product Owner,Berlin,Germany,70311
Marek,Project Manager,Warsaw,Poland,67942
Krzysztof,Data Scientist,Wroclaw,Poland,64823
Krzysztof,Project Manager,Gdansk,Poland,69664
Piotr,Software Developer,Warsaw,Poland,69688
Krzysztof,Frontend Developer,Krakow,Poland,73345
Krzysztof,Senior Software Developer,Warsaw,Poland,96325
Michal,Backend Developer,Gdansk,Poland,88340
Krzysztof,Data Scientist,Gdansk,Poland,63257
Krzysztof,Software Developer,Warsaw,Poland,57207
Marek,Senior Software Developer,Gdansk,Poland,73193
Katarzyna,Software Developer,Krakow,Poland,56901
Michal,Data Scientist,Gdansk,Poland,79049
Piotr,Project Manager,Krakow,Poland,63569
Piotr,Project Manager,Wroclaw,Poland,98453
Katarzyna,Senior Software Developer,Warsaw,Poland,88165
Marek,Frontend Developer,Wroclaw,Poland,97854
Lena,Frontend Developer,Frankfurt,Germany,47099
Krzysztof,Frontend Developer,Warsaw,Poland,87177
Kasia,Frontend Developer,Warsaw,Poland,65770
Michal,Quality Assurance Engineer,Wroclaw,Poland,58642
Krzysztof,Project Manager,Warsaw,Poland,84511
Alex,Product Owner,Hamburg,Germany,75797
Katarzyna,Quality Assurance Engineer,Wroclaw,Poland,60441
Marek,Project Manager,Krakow,Poland,79427
Marek,Product Owner,Krakow,Poland,55735
Katarzyna,Frontend Developer,Krakow,Poland,92255
Anna,Backend Developer,Wroclaw,Poland,56844
Alex,Backend Developer,Cologne,Germany,52027
Marek,Project Manager,Wroclaw,Poland,53326
Katarzyna,UI/UX Designer,Gdansk,Poland,95817
Krzysztof,Quality Assurance Engineer,Krakow,Poland,54033
Kasia,Data Scientist,Warsaw,Poland,96015
Sophie,Quality Assurance Engineer,Bremen,Germany,76093
Piotr,DevOps Engineer,Krakow,Poland,66090
Marek,Project Manager,Warsaw,Poland,96998
Krzysztof,Quality Assurance Engineer,Krakow,Poland,71686
Krzysztof,Frontend Developer,Krakow,Poland,69322
Oliver,Senior Software Developer,Bremen,Germany,79953
Piotr,Quality Assurance Engineer,Gdansk,Poland,76026
Marek,Project Manager,Warsaw,Poland,86401
Kasia,Data Scientist,Krakow,Poland,56265
Anna,Frontend Developer,Krakow,Poland,96254
Anna,Software Developer,Gdansk,Poland,75941
Katarzyna,Data Scientist,Warsaw,Poland,81631
Michal,Project Manager,Wroclaw,Poland,88100
Anna,Product Owner,Gdansk,Poland,55368
Michal,Product Owner,Krakow,Poland,67670
Piotr,Project Manager,Warsaw,Poland,80219
Krzysztof,Data Scientist,Krakow,Poland,93260
Marek,Frontend Developer,Krakow,Poland,57492
Katarzyna,Project Manager,Gdansk,Poland,98839
Michal,Backend Developer,Krakow,Poland,81469
Kasia,Frontend Developer,Gdansk,Poland,94231
Krzysztof,Quality Assurance Engineer,Warsaw,Poland,52373
Oliver,DevOps Engineer,Cologne,Germany,79279
Piotr,Software Developer,Wroclaw,Poland,63542
Michal,Senior Software Developer,Gdansk,Poland,66233
John,Frontend Developer,Stuttgart,Germany,76680
Piotr,UI/UX Designer,Krakow,Poland,85101
Marek,UI/UX Designer,Gdansk,Poland,98959
Krzysztof,DevOps Engineer,Wroclaw,Poland,67460
Piotr,Senior Software Developer,Wroclaw,Poland,59078
Katarzyna,UI/UX Designer,Krakow,Poland,64934
Anna,Project Manager,Gdansk,Poland,65515
Katarzyna,Frontend Developer,Krakow,Poland,95119
Kasia,Senior Software Developer,Gdansk,Poland,75836
Anna,Software Developer,Warsaw,Poland,63021
Marek,Software Developer,Krakow,Poland,54411
Krzysztof,Quality Assurance Engineer,Krakow,Poland,70079
Kasia,Senior Software Developer,Wroclaw,Poland,70000
Michal,Backend Developer,Krakow,Poland,89718
Marek,Backend Developer,Gdansk,Poland,57862
Krzysztof,Frontend Developer,Gdansk,Poland,96134
Anna,Project Manager,Wroclaw,Poland,62165
Kasia,Project Manager,Wroclaw,Poland,81066
Katarzyna,Quality Assurance Engineer,Krakow,Poland,55196
Krzysztof,Frontend Developer,Wroclaw,Poland,89457
Krzysztof,Data Scientist,Gdansk,Poland,95119
Kasia,Backend Developer,Warsaw,Poland,93327
Alex,Project Manager,Munich,Germany,43963
Anna,Software Developer,Gdansk,Poland,80175
Nina,Backend Developer,Berlin,Germany,64512
Krzysztof,Project Manager,Gdansk,Poland,61408
Marek,DevOps Engineer,Warsaw,Poland,95560
Kasia,Senior Software Developer,Warsaw,Poland,53226
Krzysztof,Project Manager,Warsaw,Poland,69765
Marek,Backend Developer,Wroclaw,Poland,65628
Kasia,Software Developer,Gdansk,Poland,97633
Katarzyna,Backend Developer,Krakow,Poland,59007
Kasia,Project Manager,Wroclaw,Poland,68664
Kasia,Data Scientist,Warsaw,Poland,51832
Kasia,DevOps Engineer,Warsaw,Poland,58703
Marek,Quality Assurance Engineer,Krakow,Poland,72453
Krzysztof,Data Scientist,Gdansk,Poland,89316
Krzysztof,Frontend Developer,Krakow,Poland,74120
Kasia,Data Scientist,Krakow,Poland,84835
Katarzyna,Frontend Developer,Warsaw,Poland,97627
Krzysztof,UI/UX Designer,Warsaw,Poland,58918
Katarzyna,Product Owner,Gdansk,Poland,96918
Piotr,Data Scientist,Krakow,Poland,85826
Krzysztof,Backend Developer,Wroclaw,Poland,99363
Anna,UI/UX Designer,Krakow,Poland,53264
Anna,Frontend Developer,Wroclaw,Poland,86879
Krzysztof,Data Scientist,Warsaw,Poland,77394
Katarzyna,Backend Developer,Krakow,Poland,91758
Piotr,Product Owner,Gdansk,Poland,69780
Piotr,DevOps Engineer,Wroclaw,Poland,86220
Krzysztof,UI/UX Designer,Warsaw,Poland,63749
Michal,Project Manager,Krakow,Poland,92181
Anna,Senior Software Developer,Wroclaw,Poland,50542
John,Product Owner,Dresden,Germany,41177
Katarzyna,Data Scientist,Warsaw,Poland,74316
Katarzyna,Quality Assurance Engineer,Warsaw,Poland,62011
Anna,Senior Software Developer,Krakow,Poland,76646
Anna,Senior Software Developer,Krakow,Poland,76369
Michal,Product Owner,Gdansk,Poland,58953
Sophie,Backend Developer,Leipzig,Germany,65653
Simon,Project Manager,Frankfurt,Germany,44260
Anna,Project Manager,Wroclaw,Poland,67288
Anna,Senior Software Developer,Gdansk,Poland,52580
Marek,Quality Assurance Engineer,Wroclaw,Poland,96495
Anna,Backend Developer,Warsaw,Poland,86391
Maria,Software Developer,Cologne,Germany,68987
Krzysztof,UI/UX Designer,Wroclaw,Poland,68197
Marek,Project Manager,Krakow,Poland,52480
Anna,Backend Developer,Krakow,Poland,70490
Krzysztof,Quality Assurance Engineer,Wroclaw,Poland,88716
Lena,Frontend Developer,Stuttgart,Germany,49133
Piotr,UI/UX Designer,Warsaw,Poland,79455
Marek,Senior Software Developer,Wroclaw,Poland,93344
Anna,Project Manager,Krakow,Poland,97652
Kasia,Software Developer,Wroclaw,Poland,73170
Katarzyna,Project Manager,Wroclaw,Poland,88833
Krzysztof,Data Scientist,Gdansk,Poland,70750
Anna,DevOps Engineer,Gdansk,Poland,70792
Marek,Product Owner,Wroclaw,Poland,65413
Anna,Quality Assurance Engineer,Wroclaw,Poland,61721
Eva,UI/UX Designer,Dresden,Germany,72587
Piotr,DevOps Engineer,Gdansk,Poland,67785
John,Project Manager,Stuttgart,Germany,73740
Piotr,DevOps Engineer,Gdansk,Poland,89167
Michal,DevOps Engineer,Warsaw,Poland,96583
Krzysztof,Senior Software Developer,Warsaw,Poland,75209
Piotr,Software Developer,Wroclaw,Poland,67995
Michal,Data Scientist,Warsaw,Poland,85317
Michal,Data Scientist,Warsaw,Poland,62887
Anna,Quality Assurance Engineer,Gdansk,Poland,70314
Marek,Product Owner,Krakow,Poland,75399
Kasia,Software Developer,Warsaw,Poland,86192
Marek,Frontend Developer,Warsaw,Poland,84036
Katarzyna,DevOps Engineer,Wroclaw,Poland,98402
Michal,Project Manager,Warsaw,Poland,94750
Piotr,Frontend Developer,Wroclaw,Poland,83304
Piotr,DevOps Engineer,Warsaw,Poland,87627
Marek,Backend Developer,Warsaw,Poland,61954
Katarzyna,Quality Assurance Engineer,Warsaw,Poland,96736
Anna,Senior Software Developer,Warsaw,Poland,52857
Kasia,UI/UX Designer,Warsaw,Poland,63087
Alex,Software Developer,Frankfurt,Germany,57180
Marek,Backend Developer,Gdansk,Poland,95432
Marek,Frontend Developer,Warsaw,Poland,64176
Michal,Software Developer,Wroclaw,Poland,85301
Anna,Software Developer,Krakow,Poland,69349
Marek,Product Owner,Wroclaw,Poland,59350
Krzysztof,Software Developer,Warsaw,Poland,77804
Krzysztof,DevOps Engineer,Warsaw,Poland,73446
Kasia,Senior Software Developer,Warsaw,Poland,91507
Kasia,Data Scientist,Warsaw,Poland,53173
Kasia,Senior Software Developer,Wroclaw,Poland,81752
Michal,Quality Assurance Engineer,Warsaw,Poland,91774
Marek,Frontend Developer,Wroclaw,Poland,71968
Michal,Data Scientist,Krakow,Poland,82192
Michal,Senior Software Developer,Krakow,Poland,50393
Lena,DevOps Engineer,Nuremberg,Germany,71081
Michal,Quality Assurance Engineer,Wroclaw,Poland,95480
Krzysztof,Product Owner,Gdansk,Poland,60586
Oliver,Backend Developer,Bremen,Germany,63915
Sophie,Project Manager,Stuttgart,Germany,75226
Anna,Data Scientist,Warsaw,Poland,66664
Simon,Backend Developer,Dresden,Germany,54417
Marek,Frontend Developer,Krakow,Poland,69677
Katarzyna,Data Scientist,Warsaw,Poland,71871
Piotr,Software Developer,Wroclaw,Poland,83452
Marek,Frontend Developer,Krakow,Poland,52107
Krzysztof,DevOps Engineer,Wroclaw,Poland,76091
Krzysztof,Product Owner,Gdansk,Poland,68337
Krzysztof,Frontend Developer,Wroclaw,Poland,61776
Piotr,UI/UX Designer,Gdansk,Poland,52228
Anna,DevOps Engineer,Warsaw,Poland,55374
Piotr,Software Developer,Wroclaw,Poland,62561
Katarzyna,Software Developer,Gdansk,Poland,53135
Marek,Quality Assurance Engineer,Gdansk,Poland,99716
Kasia,Senior Software Developer,Warsaw,Poland,50186
Piotr,DevOps Engineer,Gdansk,Poland,74633
Piotr,UI/UX Designer,Warsaw,Poland,69064
Michal,Quality Assurance Engineer,Gdansk,Poland,59741
Simon,Backend Developer,Cologne,Germany,59340
Anna,DevOps Engineer,Warsaw,Poland,71239
Krzysztof,Backend Developer,Wroclaw,Poland,89950
Piotr,Backend Developer,Krakow,Poland,95781
Piotr,DevOps Engineer,Krakow,Poland,82156
Anna,Data Scientist,Wroclaw,Poland,75852
Anna,Senior Software Developer,Gdansk,Poland,95606
Anna,Backend Developer,Krakow,Poland,96321
Katarzyna,Project Manager,Warsaw,Poland,93648
Piotr,Data Scientist,Wroclaw,Poland,77493
Katarzyna,Software Developer,Warsaw,Poland,62297
Piotr,Data Scientist,Gdansk,Poland,73506
Katarzyna,UI/UX Designer,Gdansk,Poland,75902
Katarzyna,Senior Software Developer,Krakow,Poland,78149
Krzysztof,Data Scientist,Krakow,Poland,99149
Kasia,Software Developer,Gdansk,Poland,52399
Kasia,Product Owner,Warsaw,Poland,56900
Marek,Quality Assurance Engineer,Warsaw,Poland,83535
Marek,Senior Software Developer,Warsaw,Poland,72560
Krzysztof,Frontend Developer,Warsaw,Poland,87303
Krzysztof,Project Manager,Gdansk,Poland,56611
Marek,Frontend Developer,Warsaw,Poland,70914
Piotr,UI/UX Designer,Warsaw,Poland,95870
Piotr,Data Scientist,Warsaw,Poland,75079
Simon,UI/UX Designer,Cologne,Germany,58383
Piotr,Quality Assurance Engineer,Krakow,Poland,51130
Anna,UI/UX Designer,Gdansk,Poland,78832
Piotr,Senior Software Developer,Gdansk,Poland,63489
John,Product Owner,Berlin,Germany,64678
Marek,DevOps Engineer,Wroclaw,Poland,99272
Piotr,Backend Developer,Warsaw,Poland,85364
Marek,Frontend Developer,Gdansk,Poland,80362
Eva,Backend Developer,Munich,Germany,71213
Michal,Project Manager,Wroclaw,Poland,94760
Kasia,Project Manager,Warsaw,Poland,51939
Krzysztof,Data Scientist,Gdansk,Poland,75993
Krzysztof,Software Developer,Krakow,Poland,88105
Marek,Senior Software Developer,Wroclaw,Poland,81694
Anna,DevOps Engineer,Warsaw,Poland,77530
Marek,Frontend Developer,Gdansk,Poland,89594
Lena,Frontend Developer,Cologne,Germany,40760
Krzysztof,Project Manager,Krakow,Poland,89926
Katarzyna,Backend Developer,Wroclaw,Poland,70001
Marek,Frontend Developer,Krakow,Poland,56814
Katarzyna,Frontend Developer,Warsaw,Poland,98597
Anna,Software Developer,Wroclaw,Poland,73408
John,Software Developer,Berlin,Germany,54427
Katarzyna,Project Manager,Warsaw,Poland,97987
Marek,Quality Assurance Engineer,Gdansk,Poland,75458
Lena,Quality Assurance Engineer,Leipzig,Germany,73584
Kasia,Quality Assurance Engineer,Gdansk,Poland,84405
Kasia,Frontend Developer,Krakow,Poland,77544
Krzysztof,Frontend Developer,Gdansk,Poland,90645
Piotr,Frontend Developer,Wroclaw,Poland,70651
Anna,DevOps Engineer,Warsaw,Poland,86093
Anna,Senior Software Developer,Krakow,Poland,59714
Katarzyna,Senior Software Developer,Gdansk,Poland,90961
Kasia,Product Owner,Gdansk,Poland,51869
Anna,Backend Developer,Krakow,Poland,86997
Marek,Software Developer,Warsaw,Poland,86718
Piotr,UI/UX Designer,Wroclaw,Poland,87884
Marek,Product Owner,Wroclaw,Poland,93444
Michal,Project Manager,Gdansk,Poland,98468
Piotr,Frontend Developer,Wroclaw,Poland,74834
Anna,Product Owner,Wroclaw,Poland,93961
Sophie,Frontend Developer,Nuremberg,Germany,57684
Krzysztof,DevOps Engineer,Gdansk,Poland,59517
Kasia,UI/UX Designer,Krakow,Poland,72806
Piotr,Data Scientist,Gdansk,Poland,67415
Anna,Senior Software Developer,Warsaw,Poland,68283
Marek,Frontend Developer,Wroclaw,Poland,71397
Katarzyna,Project Manager,Gdansk,Poland,68014
Anna,Quality Assurance Engineer,Wroclaw,Poland,66973
Krzysztof,Software Developer,Warsaw,Poland,71314
Anna,Data Scientist,Warsaw,Poland,50351
Krzysztof,Backend Developer,Krakow,Poland,85389
Kasia,Frontend Developer,Gdansk,Poland,78620
Katarzyna,DevOps Engineer,Gdansk,Poland,63782
Kasia,DevOps Engineer,Warsaw,Poland,90449
Anna,Product Owner,Wroclaw,Poland,90794
Anna,Project Manager,Wroclaw,Poland,87864
Kasia,Software Developer,Warsaw,Poland,73227
Marek,Senior Software Developer,Gdansk,Poland,52046
Krzysztof,Software Developer,Warsaw,Poland,83504
Kasia,Senior Software Developer,Krakow,Poland,68692
Felix,Software Developer,Stuttgart,Germany,54658
Marek,Software Developer,Wroclaw,Poland,86495
Anna,Data Scientist,Gdansk,Poland,97469
Katarzyna,Frontend Developer,Gdansk,Poland,91675
Anna,Project Manager,Warsaw,Poland,97666
Piotr,Senior Software Developer,Gdansk,Poland,50209
Katarzyna,Product Owner,Wroclaw,Poland,54309
Felix,Data Scientist,Nuremberg,Germany,74082
Krzysztof,Frontend Developer,Gdansk,Poland,81832
Kasia,Backend Developer,Krakow,Poland,56483
Krzysztof,Quality Assurance Engineer,Wroclaw,Poland,50797
Piotr,Quality Assurance Engineer,Warsaw,Poland,84539
Katarzyna,Product Owner,Wroclaw,Poland,56499
Katarzyna,Product Owner,Warsaw,Poland,74013
Krzysztof,Product Owner,Warsaw,Poland,63003
Piotr,Senior Software Developer,Wroclaw,Poland,54869
Piotr,Backend Developer,Wroclaw,Poland,74330
Lena,Product Owner,Bremen,Germany,79321
Anna,UI/UX Designer,Warsaw,Poland,74334
Michal,Product Owner,Warsaw,Poland,87774
Piotr,Backend Developer,Wroclaw,Poland,87322
Marek,Data Scientist,Warsaw,Poland,81623
Marek,DevOps Engineer,Warsaw,Poland,56055
Anna,Quality Assurance Engineer,Warsaw,Poland,84940
Michal,Software Developer,Gdansk,Poland,78676
Marek,UI/UX Designer,Wroclaw,Poland,58947
Marek,Frontend Developer,Krakow,Poland,62147
Michal,Backend Developer,Warsaw,Poland,98757
Michal,Project Manager,Wroclaw,Poland,81617
Krzysztof,Backend Developer,Gdansk,Poland,58320
Piotr,UI/UX Designer,Wroclaw,Poland,99598
Piotr,UI/UX Designer,Krakow,Poland,69667
Kasia,Data Scientist,Gdansk,Poland,82160
Michal,Backend Developer,Wroclaw,Poland,95830
Kasia,UI/UX Designer,Krakow,Poland,80035
Kasia,Product Owner,Wroclaw,Poland,69970
Marek,Software Developer,Warsaw,Poland,54504
Katarzyna,UI/UX Designer,Warsaw,Poland,91677
Marek,DevOps Engineer,Wroclaw,Poland,79262
Piotr,DevOps Engineer,Gdansk,Poland,51042
Krzysztof,Backend Developer,Gdansk,Poland,71761
Michal,DevOps Engineer,Wroclaw,Poland,59494
Michal,Product Owner,Warsaw,Poland,54584
Michal,Data Scientist,Krakow,Poland,79375
Krzysztof,Frontend Developer,Wroclaw,Poland,75369
Piotr,Frontend Developer,Gdansk,Poland,97836
Anna,DevOps Engineer,Warsaw,Poland,78830
John,DevOps Engineer,Munich,Germany,43487
Katarzyna,Project Manager,Warsaw,Poland,55566
Marek,UI/UX Designer,Krakow,Poland,86538
Marek,Quality Assurance Engineer,Gdansk,Poland,63466
Marek,Backend Developer,Warsaw,Poland,80635
Krzysztof,Software Developer,Gdansk,Poland,92976
John,Quality Assurance Engineer,Berlin,Germany,46862
Marek,Frontend Developer,Wroclaw,Poland,79209
Lena,DevOps Engineer,Nuremberg,Germany,50855
Anna,Data Scientist,Warsaw,Poland,80939
Katarzyna,Backend Developer,Krakow,Poland,93351
Michal,Data Scientist,Gdansk,Poland,82726
Krzysztof,Software Developer,Gdansk,Poland,94916
Michal,Backend Developer,Krakow,Poland,94889
Kasia,Quality Assurance Engineer,Krakow,Poland,53982
Katarzyna,Frontend Developer,Krakow,Poland,50058
Katarzyna,Data Scientist,Gdansk,Poland,59543
Katarzyna,Frontend Developer,Warsaw,Poland,82163
Marek,Backend Developer,Gdansk,Poland,95598
Piotr,Senior Software Developer,Gdansk,Poland,72951
Nina,Quality Assurance Engineer,Bremen,Germany,76613
Katarzyna,Software Developer,Gdansk,Poland,81876
Krzysztof,DevOps Engineer,Gdansk,Poland,97326
Piotr,Product Owner,Warsaw,Poland,50628
Anna,Project Manager,Gdansk,Poland,90695
Michal,Software Developer,Wroclaw,Poland,65870
Simon,Backend Developer,Dresden,Germany,68682
Katarzyna,DevOps Engineer,Krakow,Poland,63362
Piotr,UI/UX Designer,Gdansk,Poland,69909
Michal,Frontend Developer,Krakow,Poland,77143
Marek,Project Manager,Warsaw,Poland,92797
Anna,DevOps Engineer,Wroclaw,Poland,57976
Michal,UI/UX Designer,Warsaw,Poland,53170
Sophie,Senior Software Developer,Leipzig,Germany,43794
Anna,Backend Developer,Gdansk,Poland,89357
Kasia,Quality Assurance Engineer,Warsaw,Poland,71018
Michal,Product Owner,Krakow,Poland,58002
Krzysztof,Senior Software Developer,Gdansk,Poland,84476
Michal,DevOps Engineer,Wroclaw,Poland,84582
Piotr,Senior Software Developer,Wroclaw,Poland,89244
Anna,Backend Developer,Wroclaw,Poland,75491
Kasia,DevOps Engineer,Warsaw,Poland,54172
Katarzyna,Senior Software Developer,Wroclaw,Poland,88013
Kasia,Backend Developer,Krakow,Poland,74174
Piotr,Product Owner,Gdansk,Poland,89146
Katarzyna,UI/UX Designer,Krakow,Poland,52321
Anna,UI/UX Designer,Wroclaw,Poland,84344
Kasia,Product Owner,Gdansk,Poland,88885
Kasia,Backend Developer,Gdansk,Poland,52217
Katarzyna,Backend Developer,Wroclaw,Poland,96355
Michal,DevOps Engineer,Wroclaw,Poland,51971
Piotr,Data Scientist,Krakow,Poland,94814
Marek,Software Developer,Krakow,Poland,86723
Anna,Frontend Developer,Gdansk,Poland,58634
Krzysztof,Project Manager,Gdansk,Poland,86547
Anna,UI/UX Designer,Gdansk,Poland,78358
Piotr,DevOps Engineer,Krakow,Poland,61582
Katarzyna,Software Developer,Gdansk,Poland,99658
Piotr,Senior Software Developer,Wroclaw,Poland,53079
Anna,DevOps Engineer,Krakow,Poland,71404
Piotr,Quality Assurance Engineer,Gdansk,Poland,66384
Marek,Frontend Developer,Warsaw,Poland,67355
Piotr,Backend Developer,Wroclaw,Poland,92629
Katarzyna,Product Owner,Warsaw,Poland,89113
Lena,Backend Developer,Leipzig,Germany,49485
Eva,Quality Assurance Engineer,Nuremberg,Germany,49971
Piotr,Frontend Developer,Krakow,Poland,78093
Krzysztof,UI/UX Designer,Wroclaw,Poland,98972
Anna,Senior Software Developer,Gdansk,Poland,66825
Michal,UI/UX Designer,Gdansk,Poland,69971
Katarzyna,UI/UX Designer,Krakow,Poland,51308
Michal,Software Developer,Wroclaw,Poland,98012
Katarzyna,Backend Developer,Warsaw,Poland,71012
Anna,Senior Software Developer,Gdansk,Poland,68479
Krzysztof,UI/UX Designer,Gdansk,Poland,63065
Anna,Product Owner,Krakow,Poland,94074
Krzysztof,Project Manager,Krakow,Poland,52222
Kasia,Quality Assurance Engineer,Krakow,Poland,99308
Anna,Software Developer,Wroclaw,Poland,98026
Piotr,DevOps Engineer,Gdansk,Poland,76407
Kasia,DevOps Engineer,Warsaw,Poland,94205
Piotr,Product Owner,Gdansk,Poland,68648
Sophie,Software Developer,Cologne,Germany,67246
Krzysztof,Project Manager,Wroclaw,Poland,50703
Oliver,Senior Software Developer,Leipzig,Germany,40694
Michal,Software Developer,Warsaw,Poland,50609
Kasia,Frontend Developer,Wroclaw,Poland,73285
Krzysztof,Backend Developer,Gdansk,Poland,88750
Michal,DevOps Engineer,Wroclaw,Poland,67284
Eva,Backend Developer,Frankfurt,Germany,67468
Marek,Project Manager,Wroclaw,Poland,66402
Marek,Software Developer,Warsaw,Poland,90632
Piotr,Quality Assurance Engineer,Krakow,Poland,57047
Michal,Backend Developer,Warsaw,Poland,64744
Kasia,DevOps Engineer,Krakow,Poland,59016
Piotr,Product Owner,Warsaw,Poland,99933
Anna,Software Developer,Warsaw,Poland,86010
Krzysztof,Frontend Developer,Wroclaw,Poland,61979
Katarzyna,UI/UX Designer,Wroclaw,Poland,79411
Anna,Backend Developer,Wroclaw,Poland,57228
Simon,Product Owner,Nuremberg,Germany,57919
Kasia,Product Owner,Warsaw,Poland,66246
Kasia,UI/UX Designer,Krakow,Poland,83133
Katarzyna,Frontend Developer,Krakow,Poland,53240
Katarzyna,Backend Developer,Wroclaw,Poland,61894
Michal,Frontend Developer,Wroclaw,Poland,55731
Krzysztof,Product Owner,Gdansk,Poland,70223
Michal,Quality Assurance Engineer,Warsaw,Poland,57296
Kasia,Quality Assurance Engineer,Gdansk,Poland,99591
Michal,Product Owner,Krakow,Poland,73692
Anna,Project Manager,Warsaw,Poland,64846
Michal,Project Manager,Wroclaw,Poland,75044
Katarzyna,Product Owner,Gdansk,Poland,60551
Piotr,Data Scientist,Warsaw,Poland,80597
Marek,Product Owner,Gdansk,Poland,90008
Marek,Quality Assurance Engineer,Warsaw,Poland,77604
Anna,Project Manager,Gdansk,Poland,84448
Marek,Project Manager,Wroclaw,Poland,85731
Krzysztof,Software Developer,Wroclaw,Poland,92205
Anna,Senior Software Developer,Warsaw,Poland,58587
Eva,Product Owner,Bremen,Germany,53488
Kasia,Project Manager,Krakow,Poland,59580
Kasia,Product Owner,Warsaw,Poland,64086
Katarzyna,UI/UX Designer,Warsaw,Poland,87609
Kasia,Data Scientist,Gdansk,Poland,55030
Marek,DevOps Engineer,Wroclaw,Poland,51952
Felix,Software Developer,Berlin,Germany,79271
Marek,Project Manager,Warsaw,Poland,50377
Marek,UI/UX Designer,Gdansk,Poland,73482
Katarzyna,Data Scientist,Warsaw,Poland,75975
Piotr,Project Manager,Gdansk,Poland,56765
Michal,Quality Assurance Engineer,Krakow,Poland,70533
Piotr,Frontend Developer,Warsaw,Poland,97440
Krzysztof,Project Manager,Krakow,Poland,91081
Katarzyna,Software Developer,Warsaw,Poland,55835
Michal,Backend Developer,Krakow,Poland,65321
Marek,Frontend Developer,Warsaw,Poland,56364
Anna,UI/UX Designer,Wroclaw,Poland,54960
Sophie,Quality Assurance Engineer,Bremen,Germany,69460
Michal,Software Developer,Wroclaw,Poland,91341
Piotr,Project Manager,Gdansk,Poland,85920
Katarzyna,DevOps Engineer,Krakow,Poland,57797
Piotr,UI/UX Designer,Warsaw,Poland,74414
Anna,UI/UX Designer,Krakow,Poland,60835
Marek,Project Manager,Krakow,Poland,50018
Lena,UI/UX Designer,Berlin,Germany,53002
Anna,Frontend Developer,Warsaw,Poland,76555
Piotr,Backend Developer,Wroclaw,Poland,86904
Anna,Frontend Developer,Gdansk,Poland,55432
John,Senior Software Developer,Bremen,Germany,76792
Marek,Senior Software Developer,Krakow,Poland,96528
Krzysztof,Quality Assurance Engineer,Warsaw,Poland,86921
Anna,Data Scientist,Warsaw,Poland,78181
Kasia,Quality Assurance Engineer,Gdansk,Poland,96478
Kasia,Frontend Developer,Warsaw,Poland,62979
Kasia,Frontend Developer,Wroclaw,Poland,90477
Michal,Senior Software Developer,Wroclaw,Poland,89030
Anna,Project Manager,Krakow,Poland,67759
Alex,Senior Software Developer,Munich,Germany,59311
Krzysztof,Senior Software Developer,Warsaw,Poland,81630
Piotr,Backend Developer,Wroclaw,Poland,55472
Kasia,Software Developer,Krakow,Poland,93908
Michal,Senior Software Developer,Krakow,Poland,90501
Piotr,Frontend Developer,Warsaw,Poland,78124
Kasia,UI/UX Designer,Wroclaw,Poland,67109
Krzysztof,Software Developer,Wroclaw,Poland,82586
Krzysztof,DevOps Engineer,Krakow,Poland,99695
Piotr,Project Manager,Gdansk,Poland,68147
Nina,Senior Software Developer,Cologne,Germany,60973
Kasia,Backend Developer,Krakow,Poland,91132
Katarzyna,Project Manager,Wroclaw,Poland,68549
Alex,Frontend Developer,Cologne,Germany,68859
Krzysztof,UI/UX Designer,Krakow,Poland,70659
Michal,Software Developer,Gdansk,Poland,90372
Kasia,Project Manager,Warsaw,Poland,57221
Kasia,Backend Developer,Gdansk,Poland,99147
Michal,Product Owner,Warsaw,Poland,61776
Anna,Product Owner,Gdansk,Poland,70332
Piotr,Backend Developer,Gdansk,Poland,58523
Krzysztof,Quality Assurance Engineer,Warsaw,Poland,90491
Anna,UI/UX Designer,Gdansk,Poland,94602
Michal,Senior Software Developer,Gdansk,Poland,73232
Michal,Data Scientist,Krakow,Poland,58524
Kasia,Software Developer,Gdansk,Poland,54362
Piotr,Quality Assurance Engineer,Krakow,Poland,75722
Krzysztof,Data Scientist,Warsaw,Poland,76745
Sophie,Data Scientist,Dresden,Germany,47153
Marek,Project Manager,Warsaw,Poland,71056
Eva,UI/UX Designer,Hamburg,Germany,76182
Katarzyna,UI/UX Designer,Krakow,Poland,83510
Anna,Quality Assurance Engineer,Krakow,Poland,70380
Kasia,UI/UX Designer,Warsaw,Poland,82522
Piotr,Software Developer,Wroclaw,Poland,57961
Katarzyna,UI/UX Designer,Wroclaw,Poland,72293
Krzysztof,Project Manager,Krakow,Poland,77810
Krzysztof,DevOps Engineer,Warsaw,Poland,68738
Anna,Backend Developer,Warsaw,Poland,51328
Lena,UI/UX Designer,Bremen,Germany,58377
Anna,Senior Software Developer,Krakow,Poland,82899
Anna,DevOps Engineer,Wroclaw,Poland,99649
Piotr,Project Manager,Wroclaw,Poland,78115
Nina,Backend Developer,Cologne,Germany,68646
Kasia,Data Scientist,Wroclaw,Poland,55906
Piotr,Backend Developer,Krakow,Poland,75644
Alex,UI/UX Designer,Hamburg,Germany,73436
Michal,Quality Assurance Engineer,Warsaw,Poland,90657
John,Senior Software Developer,Munich,Germany,77539
Katarzyna,DevOps Engineer,Gdansk,Poland,89832
Katarzyna,Backend Developer,Gdansk,Poland,88805
Krzysztof,DevOps Engineer,Warsaw,Poland,60345
Krzysztof,Project Manager,Krakow,Poland,58800
Piotr,Project Manager,Krakow,Poland,55784
Krzysztof,UI/UX Designer,Wroclaw,Poland,64688
Piotr,DevOps Engineer,Krakow,Poland,98067
Anna,Software Developer,Krakow,Poland,85139
Sophie,Quality Assurance Engineer,Berlin,Germany,57360
Lena,Senior Software Developer,Berlin,Germany,62630
Michal,Frontend Developer,Warsaw,Poland,61935
Eva,Frontend Developer,Hamburg,Germany,76381
Piotr,Project Manager,Warsaw,Poland,70560
Piotr,Backend Developer,Wroclaw,Poland,53874
Katarzyna,DevOps Engineer,Gdansk,Poland,76035
Kasia,Product Owner,Wroclaw,Poland,75092
Krzysztof,Frontend Developer,Wroclaw,Poland,70187
Kasia,Data Scientist,Wroclaw,Poland,90784
Katarzyna,Product Owner,Wroclaw,Poland,81618
Krzysztof,Data Scientist,Wroclaw,Poland,90252
Krzysztof,DevOps Engineer,Warsaw,Poland,51602
Anna,Frontend Developer,Gdansk,Poland,95389
Krzysztof,Software Developer,Krakow,Poland,64220
Maria,Data Scientist,Leipzig,Germany,76539
Anna,Quality Assurance Engineer,Krakow,Poland,77433
Anna,Frontend Developer,Wroclaw,Poland,83273
Michal,Product Owner,Warsaw,Poland,89423
Krzysztof,Data Scientist,Warsaw,Poland,54489
Anna,Software Developer,Warsaw,Poland,60229
Michal,DevOps Engineer,Wroclaw,Poland,60912
Anna,Frontend Developer,Wroclaw,Poland,93998
Piotr,Software Developer,Warsaw,Poland,70403
Michal,Frontend Developer,Warsaw,Poland,65427
Anna,Frontend Developer,Gdansk,Poland,72240
Marek,Software Developer,Wroclaw,Poland,50230
Simon,Quality Assurance Engineer,Berlin,Germany,60170
John,Senior Software Developer,Frankfurt,Germany,49423
Michal,Senior Software Developer,Gdansk,Poland,51833
Anna,Data Scientist,Krakow,Poland,85744
Anna,Project Manager,Warsaw,Poland,98049
Marek,Quality Assurance Engineer,Warsaw,Poland,90550
Kasia,Product Owner,Gdansk,Poland,50618
Anna,Backend Developer,Krakow,Poland,88064
Kasia,Product Owner,Warsaw,Poland,60645
Kasia,Quality Assurance Engineer,Wroclaw,Poland,82584
Marek,UI/UX Designer,Gdansk,Poland,99103
Katarzyna,Software Developer,Warsaw,Poland,61433
Krzysztof,Frontend Developer,Warsaw,Poland,50286
Michal,Data Scientist,Krakow,Poland,72023
Michal,Product Owner,Krakow,Poland,87506
Marek,Senior Software Developer,Wroclaw,Poland,97705
Kasia,Product Owner,Warsaw,Poland,98317
Michal,Quality Assurance Engineer,Warsaw,Poland,59650
Piotr,Backend Developer,Warsaw,Poland,82759
Eva,Quality Assurance Engineer,Munich,Germany,58649
Kasia,Senior Software Developer,Warsaw,Poland,91421
Kasia,Project Manager,Krakow,Poland,78287
John,Project Manager,Frankfurt,Germany,47545
Krzysztof,Software Developer,Gdansk,Poland,85118
Alex,Backend Developer,Bremen,Germany,75744
Katarzyna,Product Owner,Warsaw,Poland,93973
Piotr,Quality Assurance Engineer,Krakow,Poland,56367
Piotr,Frontend Developer,Krakow,Poland,98960
Katarzyna,DevOps Engineer,Wroclaw,Poland,96058
Piotr,Senior Software Developer,Warsaw,Poland,98057
Krzysztof,Backend Developer,Krakow,Poland,73014
Piotr,Backend Developer,Warsaw,Poland,57416
Katarzyna,UI/UX Designer,Gdansk,Poland,70854
Marek,Backend Developer,Gdansk,Poland,69936
Michal,Backend Developer,Warsaw,Poland,67619
Michal,Quality Assurance Engineer,Krakow,Poland,58635
Piotr,Project Manager,Wroclaw,Poland,86659
Marek,Project Manager,Warsaw,Poland,97498
Michal,Frontend Developer,Krakow,Poland,97438
Michal,DevOps Engineer,Wroclaw,Poland,56791
Krzysztof,Project Manager,Gdansk,Poland,79459
Anna,Data Scientist,Krakow,Poland,77058
Katarzyna,Project Manager,Krakow,Poland,78474
Katarzyna,Senior Software Developer,Warsaw,Poland,58185
Michal,UI/UX Designer,Gdansk,Poland,89915
Katarzyna,Quality Assurance Engineer,Warsaw,Poland,69249
Katarzyna,Senior Software Developer,Krakow,Poland,64039
Marek,Product Owner,Wroclaw,Poland,56454
Anna,Project Manager,Krakow,Poland,60657
Marek,Project Manager,Krakow,Poland,61144
Katarzyna,Backend Developer,Wroclaw,Poland,84045
Anna,Backend Developer,Wroclaw,Poland,70035
Anna,Frontend Developer,Warsaw,Poland,55649
Piotr,Project Manager,Warsaw,Poland,82595
Michal,Backend Developer,Gdansk,Poland,58282
Marek,DevOps Engineer,Krakow,Poland,98738
Michal,Backend Developer,Warsaw,Poland,65241
Piotr,UI/UX Designer,Wroclaw,Poland,99435
Marek,Product Owner,Gdansk,Poland,97916
Michal,Software Developer,Wroclaw,Poland,65075
Michal,Project Manager,Gdansk,Poland,50309
Michal,Project Manager,Gdansk,Poland,51455
Marek,Senior Software Developer,Warsaw,Poland,92008
Anna,DevOps Engineer,Wroclaw,Poland,95140
Kasia,Backend Developer,Wroclaw,Poland,94280
Katarzyna,Software Developer,Gdansk,Poland,62525
Maria,DevOps Engineer,Dresden,Germany,67824
Kasia,Senior Software Developer,Warsaw,Poland,95169
Piotr,Senior Software Developer,Wroclaw,Poland,68608
Krzysztof,DevOps Engineer,Warsaw,Poland,60306
Krzysztof,Product Owner,Warsaw,Poland,56467
Marek,Data Scientist,Krakow,Poland,98204
Marek,UI/UX Designer,Gdansk,Poland,80627
Marek,Software Developer,Krakow,Poland,87123
Piotr,Software Developer,Warsaw,Poland,89837
Anna,UI/UX Designer,Wroclaw,Poland,78355
Kasia,Product Owner,Krakow,Poland,52876
Krzysztof,Project Manager,Wroclaw,Poland,83205
Anna,UI/UX Designer,Warsaw,Poland,96863
Kasia,Software Developer,Wroclaw,Poland,75141
Kasia,Frontend Developer,Wroclaw,Poland,94115
Kasia,UI/UX Designer,Krakow,Poland,71422
Katarzyna,Backend Developer,Krakow,Poland,59931
Kasia,Software Developer,Gdansk,Poland,81567
Kasia,Quality Assurance Engineer,Krakow,Poland,65533
Marek,Frontend Developer,Wroclaw,Poland,61442
Piotr,Quality Assurance Engineer,Wroclaw,Poland,53326
Kasia,Backend Developer,Krakow,Poland,86774
Krzysztof,Frontend Developer,Warsaw,Poland,94528
Krzysztof,Frontend Developer,Warsaw,Poland,58897
Marek,Product Owner,Warsaw,Poland,87322
Lena,UI/UX Designer,Leipzig,Germany,65408
Piotr,Data Scientist,Wroclaw,Poland,69935
Marek,Software Developer,Wroclaw,Poland,67714
Oliver,Senior Software Developer,Frankfurt,Germany,60085
Kasia,Project Manager,Warsaw,Poland,63677
Krzysztof,Data Scientist,Krakow,Poland,79680
Piotr,UI/UX Designer,Warsaw,Poland,53976
Anna,DevOps Engineer,Wroclaw,Poland,54515
Krzysztof,UI/UX Designer,Wroclaw,Poland,50696
Piotr,Backend Developer,Gdansk,Poland,93035
Anna,Data Scientist,Krakow,Poland,80443
Michal,DevOps Engineer,Warsaw,Poland,90128
Piotr,UI/UX Designer,Warsaw,Poland,54630
Michal,Senior Software Developer,Warsaw,Poland,96327
Marek,Senior Software Developer,Wroclaw,Poland,51160
Michal,Quality Assurance Engineer,Gdansk,Poland,68611
Piotr,Software Developer,Gdansk,Poland,53220
Kasia,Frontend Developer,Wroclaw,Poland,56921
Krzysztof,Quality Assurance Engineer,Warsaw,Poland,78384
Michal,Frontend Developer,Krakow,Poland,68771
Anna,Product Owner,Krakow,Poland,56692
Katarzyna,Frontend Developer,Wroclaw,Poland,99095
Piotr,Software Developer,Warsaw,Poland,89600
Krzysztof,Quality Assurance Engineer,Gdansk,Poland,89364
Piotr,Data Scientist,Krakow,Poland,91369
Michal,Product Owner,Warsaw,Poland,74543
Piotr,Senior Software Developer,Krakow,Poland,88055
Kasia,Backend Developer,Wroclaw,Poland,59667
Katarzyna,DevOps Engineer,Warsaw,Poland,78243
Michal,Product Owner,Krakow,Poland,77453
Marek,Software Developer,Warsaw,Poland,65016
Michal,Senior Software Developer,Warsaw,Poland,83191
Kasia,Frontend Developer,Gdansk,Poland,57451
Anna,Project Manager,Krakow,Poland,91911
Michal,Software Developer,Warsaw,Poland,95232
Katarzyna,Software Developer,Warsaw,Poland,65933
Michal,Project Manager,Wroclaw,Poland,91823
Anna,DevOps Engineer,Gdansk,Poland,91030
Nina,Frontend Developer,Hamburg,Germany,59514
Katarzyna,Software Developer,Wroclaw,Poland,83163
Michal,DevOps Engineer,Krakow,Poland,60638
Kasia,Quality Assurance Engineer,Krakow,Poland,65327
Michal,Quality Assurance Engineer,Wroclaw,Poland,66408
Anna,Data Scientist,Krakow,Poland,86487
Kasia,DevOps Engineer,Warsaw,Poland,82640
Marek,Quality Assurance Engineer,Gdansk,Poland,53495
Piotr,Project Manager,Krakow,Poland,88023
Michal,Product Owner,Krakow,Poland,74446
Sophie,DevOps Engineer,Bremen,Germany,49093
Maria,Senior Software Developer,Leipzig,Germany,42888
Piotr,Frontend Developer,Krakow,Poland,54519
Anna,Senior Software Developer,Wroclaw,Poland,57274
Piotr,UI/UX Designer,Warsaw,Poland,93320
Katarzyna,Frontend Developer,Wroclaw,Poland,81263
Marek,DevOps Engineer,Gdansk,Poland,64478
Katarzyna,Data Scientist,Krakow,Poland,91962
Anna,Quality Assurance Engineer,Krakow,Poland,93403
Kasia,Product Owner,Krakow,Poland,73091
Simon,DevOps Engineer,Dresden,Germany,52773
Marek,Software Developer,Warsaw,Poland,63765
Anna,Frontend Developer,Wroclaw,Poland,62139
Marek,Product Owner,Krakow,Poland,77585
Anna,DevOps Engineer,Warsaw,Poland,91868
Marek,Senior Software Developer,Wroclaw,Poland,75191
Michal,Backend Developer,Krakow,Poland,74188
Anna,Backend Developer,Wroclaw,Poland,77707
Marek,Quality Assurance Engineer,Krakow,Poland,92187
Piotr,Data Scientist,Gdansk,Poland,66374
Katarzyna,Backend Developer,Warsaw,Poland,66260
Michal,Quality Assurance Engineer,Wroclaw,Poland,84604
Marek,Backend Developer,Warsaw,Poland,65997
Katarzyna,DevOps Engineer,Krakow,Poland,56047
Piotr,Data Scientist,Warsaw,Poland,89837
Krzysztof,Quality Assurance Engineer,Warsaw,Poland,93277
Katarzyna,Software Developer,Krakow,Poland,92116
Oliver,Data Scientist,Cologne,Germany,56092
Kasia,Senior Software Developer,Krakow,Poland,96209
Krzysztof,Data Scientist,Wroclaw,Poland,64281
Kasia,Data Scientist,Gdansk,Poland,62023
Kasia,Senior Software Developer,Warsaw,Poland,88926
Michal,Frontend Developer,Gdansk,Poland,57115
Krzysztof,Senior Software Developer,Wroclaw,Poland,52731
Katarzyna,Backend Developer,Wroclaw,Poland,90070
Krzysztof,Data Scientist,Gdansk,Poland,91303
Piotr,Quality Assurance Engineer,Wroclaw,Poland,92433
Katarzyna,Product Owner,Gdansk,Poland,55380
Krzysztof,Software Developer,Wroclaw,Poland,65334
Kasia,Project Manager,Wroclaw,Poland,96928
Marek,Senior Software Developer,Warsaw,Poland,68055
Anna,Project Manager,Warsaw,Poland,76147
Anna,Project Manager,Krakow,Poland,93386
Michal,Backend Developer,Wroclaw,Poland,79674
Katarzyna,Data Scientist,Gdansk,Poland,90104
Katarzyna,Frontend Developer,Wroclaw,Poland,64347
Simon,Frontend Developer,Leipzig,Germany,52731
Kasia,Backend Developer,Warsaw,Poland,73430
Anna,Quality Assurance Engineer,Wroclaw,Poland,63392
John,Project Manager,Cologne,Germany,72479
Alex,Software Developer,Dresden,Germany,61814
Michal,Data Scientist,Krakow,Poland,56980
Piotr,Software Developer,Krakow,Poland,84732
Marek,Quality Assurance Engineer,Wroclaw,Poland,50637
Oliver,Backend Developer,Hamburg,Germany,47689
Krzysztof,Software Developer,Gdansk,Poland,51158
Katarzyna,Senior Software Developer,Warsaw,Poland,65993
Michal,Frontend Developer,Gdansk,Poland,66241
Marek,UI/UX Designer,Gdansk,Poland,83187
Marek,UI/UX Designer,Warsaw,Poland,60088
Kasia,Senior Software Developer,Wroclaw,Poland,61564
Marek,UI/UX Designer,Warsaw,Poland,98531
Krzysztof,UI/UX Designer,Gdansk,Poland,93810
Krzysztof,Data Scientist,Warsaw,Poland,60427
Kasia,DevOps Engineer,Krakow,Poland,52358
Piotr,Data Scientist,Wroclaw,Poland,83475
Kasia,Senior Software Developer,Wroclaw,Poland,92936
Anna,Quality Assurance Engineer,Warsaw,Poland,50147
Piotr,Product Owner,Wroclaw,Poland,88959
Michal,Project Manager,Wroclaw,Poland,51857
Simon,Backend Developer,Berlin,Germany,64407
Katarzyna,Product Owner,Warsaw,Poland,98747
Piotr,Product Owner,Warsaw,Poland,87872
Katarzyna,Senior Software Developer,Wroclaw,Poland,53624
Kasia,Frontend Developer,Gdansk,Poland,65495
Katarzyna,UI/UX Designer,Warsaw,Poland,82421
Piotr,Senior Software Developer,Gdansk,Poland,67375
Piotr,DevOps Engineer,Gdansk,Poland,83569
Piotr,Quality Assurance Engineer,Wroclaw,Poland,66188
Katarzyna,Frontend Developer,Krakow,Poland,85478
Kasia,Backend Developer,Wroclaw,Poland,94881
Kasia,Data Scientist,Gdansk,Poland,98444
Kasia,Software Developer,Gdansk,Poland,60617
Krzysztof,Quality Assurance Engineer,Warsaw,Poland,87127
Anna,Software Developer,Krakow,Poland,64958
Katarzyna,Senior Software Developer,Gdansk,Poland,81452
Kasia,Product Owner,Wroclaw,Poland,63209
Sophie,Data Scientist,Frankfurt,Germany,55659
Katarzyna,Product Owner,Krakow,Poland,90137
Piotr,Quality Assurance Engineer,Warsaw,Poland,61702
Krzysztof,Data Scientist,Gdansk,Poland,66290
Michal,Quality Assurance Engineer,Warsaw,Poland,68716
Michal,Product Owner,Warsaw,Poland,88738
Anna,DevOps Engineer,Krakow,Poland,70704
Piotr,DevOps Engineer,Gdansk,Poland,66226
Piotr,DevOps Engineer,Krakow,Poland,59599
Kasia,Project Manager,Gdansk,Poland,71700
Michal,Senior Software Developer,Gdansk,Poland,87730
Kasia,Software Developer,Gdansk,Poland,73536
Piotr,Senior Software Developer,Krakow,Poland,88892
Krzysztof,Project Manager,Krakow,Poland,71811
Piotr,Backend Developer,Wroclaw,Poland,59677
Kasia,Project Manager,Krakow,Poland,64210
Piotr,Product Owner,Wroclaw,Poland,94485
Piotr,Senior Software Developer,Wroclaw,Poland,81052
Katarzyna,Senior Software Developer,Gdansk,Poland,51012
Piotr,Senior Software Developer,Warsaw,Poland,88148
Piotr,Product Owner,Krakow,Poland,71920
Katarzyna,Senior Software Developer,Wroclaw,Poland,92295
Piotr,Software Developer,Warsaw,Poland,70116
Kasia,Senior Software Developer,Warsaw,Poland,97804
Piotr,DevOps Engineer,Wroclaw,Poland,74174
Piotr,Product Owner,Warsaw,Poland,53822
Marek,Senior Software Developer,Gdansk,Poland,82052
Michal,Product Owner,Gdansk,Poland,50902
Katarzyna,Project Manager,Wroclaw,Poland,76080
Katarzyna,Backend Developer,Krakow,Poland,68988
Kasia,Backend Developer,Wroclaw,Poland,73887
Kasia,Frontend Developer,Wroclaw,Poland,93161
Michal,Quality Assurance Engineer,Warsaw,Poland,55620
Piotr,Project Manager,Krakow,Poland,73669
Anna,Frontend Developer,Wroclaw,Poland,92676
Eva,Frontend Developer,Stuttgart,Germany,70666
Sophie,Senior Software Developer,Leipzig,Germany,40973
Piotr,Senior Software Developer,Wroclaw,Poland,71855
Katarzyna,Data Scientist,Krakow,Poland,79316
Katarzyna,Frontend Developer,Krakow,Poland,73485
Katarzyna,Project Manager,Krakow,Poland,59024
Krzysztof,Data Scientist,Krakow,Poland,92744
Piotr,Backend Developer,Gdansk,Poland,98845
Katarzyna,DevOps Engineer,Wroclaw,Poland,75041
Krzysztof,UI/UX Designer,Krakow,Poland,97591
Krzysztof,Backend Developer,Gdansk,Poland,59851
Piotr,Product Owner,Krakow,Poland,87123
Krzysztof,Product Owner,Warsaw,Poland,74067
Michal,Software Developer,Warsaw,Poland,80920
Marek,Quality Assurance Engineer,Wroclaw,Poland,81897
Krzysztof,Backend Developer,Gdansk,Poland,99362
Piotr,Product Owner,Krakow,Poland,63929
Simon,Frontend Developer,Berlin,Germany,79524
Marek,Software Developer,Warsaw,Poland,62627
Michal,Backend Developer,Wroclaw,Poland,55664
Piotr,Product Owner,Warsaw,Poland,51039
Michal,Frontend Developer,Warsaw,Poland,77289
Felix,Product Owner,Frankfurt,Germany,45111
Katarzyna,UI/UX Designer,Wroclaw,Poland,58157
Michal,Software Developer,Wroclaw,Poland,50824
Alex,Backend Developer,Hamburg,Germany,65879
Michal,UI/UX Designer,Gdansk,Poland,78967
Piotr,Quality Assurance Engineer,Warsaw,Poland,58161
Michal,Data Scientist,Warsaw,Poland,97145
Marek,Product Owner,Krakow,Poland,50144
Katarzyna,Frontend Developer,Warsaw,Poland,52856
Krzysztof,Product Owner,Gdansk,Poland,54972
Kasia,UI/UX Designer,Gdansk,Poland,68825
Kasia,Senior Software Developer,Gdansk,Poland,78598
Alex,Backend Developer,Bremen,Germany,78603
Kasia,Data Scientist,Gdansk,Poland,79186
Piotr,Backend Developer,Gdansk,Poland,94667
Marek,Software Developer,Warsaw,Poland,57463
Katarzyna,Frontend Developer,Warsaw,Poland,76782
Michal,Software Developer,Gdansk,Poland,75606
Anna,Backend Developer,Krakow,Poland,87621
Sophie,Project Manager,Munich,Germany,69772
Marek,Quality Assurance Engineer,Krakow,Poland,83845
Michal,Senior Software Developer,Wroclaw,Poland,91465
Kasia,Software Developer,Gdansk,Poland,57541
Anna,Software Developer,Krakow,Poland,57596
Piotr,UI/UX Designer,Wroclaw,Poland,57444
Kasia,Project Manager,Wroclaw,Poland,67473
Krzysztof,DevOps Engineer,Gdansk,Poland,80855
Marek,Frontend Developer,Wroclaw,Poland,94445
Michal,Frontend Developer,Krakow,Poland,63658
Michal,Frontend Developer,Warsaw,Poland,89215
Alex,Data Scientist,Dresden,Germany,59272
Katarzyna,DevOps Engineer,Warsaw,Poland,85752
Krzysztof,Senior Software Developer,Krakow,Poland,76335
Katarzyna,Senior Software Developer,Wroclaw,Poland,81233
Anna,Project Manager,Warsaw,Poland,84326
Kasia,Product Owner,Warsaw,Poland,83046
Anna,Data Scientist,Warsaw,Poland,98948
Anna,Software Developer,Warsaw,Poland,72550
Katarzyna,Quality Assurance Engineer,Wroclaw,Poland,97479
Marek,DevOps Engineer,Warsaw,Poland,79087
Anna,Data Scientist,Wroclaw,Poland,62662
Katarzyna,Senior Software Developer,Gdansk,Poland,68899
Anna,Senior Software Developer,Wroclaw,Poland,52582
Michal,Quality Assurance Engineer,Wroclaw,Poland,91428
Marek,Quality Assurance Engineer,Warsaw,Poland,75802
Marek,Data Scientist,Gdansk,Poland,89887
Marek,Software Developer,Wroclaw,Poland,85947
Oliver,Project Manager,Dresden,Germany,73729
Kasia,Product Owner,Warsaw,Poland,59241
Anna,Data Scientist,Krakow,Poland,63344
Kasia,Software Developer,Wroclaw,Poland,84224
Kasia,Frontend Developer,Gdansk,Poland,78407
Piotr,Data Scientist,Gdansk,Poland,62155
Kasia,Software Developer,Gdansk,Poland,53700
Krzysztof,Data Scientist,Wroclaw,Poland,67487
Michal,Product Owner,Krakow,Poland,56308
Krzysztof,Data Scientist,Krakow,Poland,82422
Piotr,UI/UX Designer,Krakow,Poland,83944
Katarzyna,Senior Software Developer,Warsaw,Poland,86412
Krzysztof,UI/UX Designer,Gdansk,Poland,50295
Anna,Senior Software Developer,Krakow,Poland,85574
Kasia,UI/UX Designer,Gdansk,Poland,90881
Michal,Quality Assurance Engineer,Gdansk,Poland,94594
Kasia,Senior Software Developer,Warsaw,Poland,69405
Piotr,Project Manager,Warsaw,Poland,98439
Marek,Data Scientist,Warsaw,Poland,94773
Katarzyna,Project Manager,Gdansk,Poland,50274
Simon,Software Developer,Hamburg,Germany,41965
Michal,Frontend Developer,Wroclaw,Poland,59183
Krzysztof,Backend Developer,Wroclaw,Poland,93164
Michal,Product Owner,Gdansk,Poland,59478
Katarzyna,Project Manager,Warsaw,Poland,55227
Anna,Backend Developer,Wroclaw,Poland,91403
Krzysztof,Software Developer,Gdansk,Poland,60431
Anna,Backend Developer,Wroclaw,Poland,53873
John,Backend Developer,Dresden,Germany,47515
Krzysztof,Frontend Developer,Warsaw,Poland,63562
Michal,DevOps Engineer,Wroclaw,Poland,61766
Anna,UI/UX Designer,Warsaw,Poland,69207
Piotr,DevOps Engineer,Krakow,Poland,77774
Anna,Software Developer,Warsaw,Poland,55160
Michal,Project Manager,Krakow,Poland,69209
Kasia,Quality Assurance Engineer,Krakow,Poland,71529
Katarzyna,Project Manager,Wroclaw,Poland,57788
Kasia,Project Manager,Warsaw,Poland,86572
Piotr,Project Manager,Warsaw,Poland,57184
Krzysztof,UI/UX Designer,Gdansk,Poland,83802
Michal,DevOps Engineer,Warsaw,Poland,93989
Michal,Frontend Developer,Gdansk,Poland,81858
Anna,Backend Developer,Warsaw,Poland,95464
Kasia,Backend Developer,Gdansk,Poland,83152
Michal,Data Scientist,Krakow,Poland,74119
Krzysztof,Software Developer,Gdansk,Poland,86215
Michal,Software Developer,Krakow,Poland,91869
Kasia,Backend Developer,Krakow,Poland,85455
Anna,Quality Assurance Engineer,Gdansk,Poland,99988
Anna,Quality Assurance Engineer,Krakow,Poland,94042
Marek,Senior Software Developer,Wroclaw,Poland,52590
Marek,Data Scientist,Warsaw,Poland,59663
Katarzyna,Senior Software Developer,Gdansk,Poland,64457
Simon,Frontend Developer,Stuttgart,Germany,70394
Kasia,Frontend Developer,Gdansk,Poland,64005
Alex,DevOps Engineer,Berlin,Germany,58722
Marek,Project Manager,Wroclaw,Poland,65110
Marek,DevOps Engineer,Gdansk,Poland,69671
Piotr,Senior Software Developer,Gdansk,Poland,87041
Nina,DevOps Engineer,Stuttgart,Germany,63165
Kasia,Data Scientist,Krakow,Poland,56982
Katarzyna,Data Scientist,Wroclaw,Poland,92079
Katarzyna,DevOps Engineer,Gdansk,Poland,59020
Piotr,Senior Software Developer,Warsaw,Poland,73164
Marek,Backend Developer,Krakow,Poland,99040
Katarzyna,Product Owner,Warsaw,Poland,93873
Nina,Quality Assurance Engineer,Frankfurt,Germany,42369
Katarzyna,Data Scientist,Warsaw,Poland,76633
Marek,Backend Developer,Wroclaw,Poland,93724
Marek,Frontend Developer,Krakow,Poland,71866
Michal,DevOps Engineer,Gdansk,Poland,96605
Piotr,UI/UX Designer,Warsaw,Poland,74680
Anna,Software Developer,Wroclaw,Poland,61632
Anna,Senior Software Developer,Gdansk,Poland,68651
Felix,Frontend Developer,Hamburg,Germany,71059
Marek,Software Developer,Wroclaw,Poland,95185
Katarzyna,Project Manager,Krakow,Poland,52625
Michal,Data Scientist,Wroclaw,Poland,69568
Marek,Quality Assurance Engineer,Wroclaw,Poland,79880
Kasia,Frontend Developer,Warsaw,Poland,63375
Anna,DevOps Engineer,Gdansk,Poland,67250
Michal,UI/UX Designer,Krakow,Poland,74633
Michal,Quality Assurance Engineer,Gdansk,Poland,86013
Michal,Software Developer,Warsaw,Poland,89228
Krzysztof,Backend Developer,Krakow,Poland,68659
Piotr,UI/UX Designer,Warsaw,Poland,96137
Krzysztof,Backend Developer,Gdansk,Poland,83571
Kasia,DevOps Engineer,Wroclaw,Poland,54005
Krzysztof,UI/UX Designer,Warsaw,Poland,80862
Marek,Data Scientist,Wroclaw,Poland,68400
Marek,DevOps Engineer,Wroclaw,Poland,94953
Anna,UI/UX Designer,Wroclaw,Poland,95616
Marek,DevOps Engineer,Wroclaw,Poland,61457
Anna,Frontend Developer,Krakow,Poland,82200
Katarzyna,Frontend Developer,Krakow,Poland,70121
Piotr,Quality Assurance Engineer,Krakow,Poland,99189
Katarzyna,UI/UX Designer,Krakow,Poland,95529
Alex,Frontend Developer,Stuttgart,Germany,79026
Katarzyna,Data Scientist,Krakow,Poland,71542
Anna,Project Manager,Gdansk,Poland,88109
Eva,Frontend Developer,Nuremberg,Germany,48358
Krzysztof,Frontend Developer,Krakow,Poland,70246
Krzysztof,Product Owner,Wroclaw,Poland,93481
Piotr,Frontend Developer,Gdansk,Poland,51774
Kasia,Product Owner,Gdansk,Poland,62089
Marek,Senior Software Developer,Warsaw,Poland,95792
Katarzyna,Frontend Developer,Warsaw,Poland,87367
Katarzyna,Backend Developer,Krakow,Poland,77788
Sophie,DevOps Engineer,Stuttgart,Germany,75729
Kasia,Quality Assurance Engineer,Warsaw,Poland,68072
Katarzyna,Senior Software Developer,Gdansk,Poland,94191
Michal,Quality Assurance Engineer,Gdansk,Poland,98314
Michal,Data Scientist,Gdansk,Poland,90387
Anna,DevOps Engineer,Wroclaw,Poland,60788
Anna,Senior Software Developer,Gdansk,Poland,56507
Piotr,Senior Software Developer,Wroclaw,Poland,91577
Anna,Quality Assurance Engineer,Gdansk,Poland,64045
Nina,Project Manager,Leipzig,Germany,51607
Eva,Quality Assurance Engineer,Munich,Germany,58683
Marek,Data Scientist,Krakow,Poland,65056
Katarzyna,Backend Developer,Gdansk,Poland,82043
Michal,Backend Developer,Wroclaw,Poland,98865
Katarzyna,Senior Software Developer,Gdansk,Poland,71740
Katarzyna,DevOps Engineer,Krakow,Poland,75511
Sophie,Quality Assurance Engineer,Berlin,Germany,59220
Katarzyna,Senior Software Developer,Wroclaw,Poland,59950
Michal,Product Owner,Gdansk,Poland,55932
Kasia,DevOps Engineer,Gdansk,Poland,50693
Marek,DevOps Engineer,Krakow,Poland,87999
Nina,Software Developer,Nuremberg,Germany,75306
Krzysztof,Backend Developer,Warsaw,Poland,84700
Marek,Backend Developer,Gdansk,Poland,80183
Marek,Software Developer,Wroclaw,Poland,96733
Marek,Project Manager,Krakow,Poland,82025
Katarzyna,Data Scientist,Warsaw,Poland,77976
Kasia,Senior Software Developer,Gdansk,Poland,61292
Katarzyna,Project Manager,Wroclaw,Poland,97920
Marek,Project Manager,Wroclaw,Poland,67246
Anna,Frontend Developer,Warsaw,Poland,66163
Krzysztof,Software Developer,Gdansk,Poland,79393
Piotr,Project Manager,Krakow,Poland,68039
Kasia,Frontend Developer,Warsaw,Poland,52711
Krzysztof,DevOps Engineer,Krakow,Poland,58601
Kasia,Senior Software Developer,Krakow,Poland,52183
Katarzyna,Product Owner,Gdansk,Poland,89118
Piotr,Product Owner,Krakow,Poland,53340
Michal,Quality Assurance Engineer,Krakow,Poland,98787
Nina,Project Manager,Dresden,Germany,57539
Piotr,DevOps Engineer,Krakow,Poland,73086
Sophie,Data Scientist,Cologne,Germany,60470
Krzysztof,Quality Assurance Engineer,Gdansk,Poland,63996
Piotr,UI/UX Designer,Wroclaw,Poland,90022
Eva,DevOps Engineer,Stuttgart,Germany,61144
John,UI/UX Designer,Leipzig,Germany,40419
Kasia,Project Manager,Warsaw,Poland,70874
Piotr,Backend Developer,Warsaw,Poland,82022
Michal,Software Developer,Krakow,Poland,98145
Katarzyna,Senior Software Developer,Warsaw,Poland,93205
Krzysztof,UI/UX Designer,Wroclaw,Poland,53788
Marek,DevOps Engineer,Krakow,Poland,62036
Piotr,Project Manager,Wroclaw,Poland,88636
Katarzyna,DevOps Engineer,Warsaw,Poland,94147
Marek,Quality Assurance Engineer,Wroclaw,Poland,95924
Katarzyna,Frontend Developer,Gdansk,Poland,73550
Kasia,Product Owner,Gdansk,Poland,57755
Kasia,UI/UX Designer,Gdansk,Poland,86605
Marek,Quality Assurance Engineer,Gdansk,Poland,92358
Simon,Quality Assurance Engineer,Hamburg,Germany,44972
Michal,Data Scientist,Gdansk,Poland,70088
Krzysztof,Frontend Developer,Warsaw,Poland,69003
Marek,Project Manager,Krakow,Poland,71622
Felix,Frontend Developer,Berlin,Germany,52672
Marek,Frontend Developer,Wroclaw,Poland,67290
Kasia,Senior Software Developer,Krakow,Poland,92431
Piotr,Software Developer,Warsaw,Poland,71554
Marek,Project Manager,Warsaw,Poland,74207
Piotr,DevOps Engineer,Gdansk,Poland,96770
Katarzyna,Project Manager,Krakow,Poland,73538
Katarzyna,Senior Software Developer,Wroclaw,Poland,71179
Piotr,Senior Software Developer,Warsaw,Poland,96533
Katarzyna,Frontend Developer,Gdansk,Poland,96721
Krzysztof,UI/UX Designer,Warsaw,Poland,92683
Anna,Product Owner,Gdansk,Poland,74289
Nina,Frontend Developer,Berlin,Germany,72143
Marek,Software Developer,Warsaw,Poland,53236
Krzysztof,Frontend Developer,Gdansk,Poland,75230
Krzysztof,Project Manager,Krakow,Poland,87169
Krzysztof,Backend Developer,Warsaw,Poland,74435
Nina,Software Developer,Cologne,Germany,75759
Michal,Backend Developer,Krakow,Poland,67264
Anna,DevOps Engineer,Wroclaw,Poland,91633
Krzysztof,Software Developer,Krakow,Poland,71938
Michal,UI/UX Designer,Wroclaw,Poland,55569
Katarzyna,Frontend Developer,Gdansk,Poland,71465
Michal,Backend Developer,Krakow,Poland,89244
Felix,DevOps Engineer,Cologne,Germany,52914
Krzysztof,UI/UX Designer,Krakow,Poland,93217
Anna,Data Scientist,Warsaw,Poland,88009
Kasia,Quality Assurance Engineer,Warsaw,Poland,86847
Marek,Frontend Developer,Warsaw,Poland,85507
Alex,Frontend Developer,Nuremberg,Germany,60123
Piotr,Product Owner,Wroclaw,Poland,82160
Nina,Frontend Developer,Munich,Germany,62795
Anna,Quality Assurance Engineer,Krakow,Poland,94689
Kasia,Software Developer,Wroclaw,Poland,53949
Alex,Backend Developer,Hamburg,Germany,78313
Marek,Data Scientist,Krakow,Poland,52817
Krzysztof,DevOps Engineer,Warsaw,Poland,96547
Katarzyna,Software Developer,Gdansk,Poland,57376
Katarzyna,Project Manager,Wroclaw,Poland,52748
Piotr,Data Scientist,Warsaw,Poland,95548
Marek,Senior Software Developer,Krakow,Poland,83084
Piotr,Project Manager,Wroclaw,Poland,90653
Krzysztof,DevOps Engineer,Warsaw,Poland,58751
Anna,Frontend Developer,Wroclaw,Poland,80886
Piotr,Senior Software Developer,Warsaw,Poland,89492
Kasia,Backend Developer,Krakow,Poland,66827
Michal,Project Manager,Warsaw,Poland,53822
Michal,Software Developer,Warsaw,Poland,86024
Katarzyna,DevOps Engineer,Wroclaw,Poland,88431
Anna,Software Developer,Gdansk,Poland,70651
Katarzyna,Frontend Developer,Warsaw,Poland,53435
Katarzyna,Software Developer,Wroclaw,Poland,67830
Michal,UI/UX Designer,Gdansk,Poland,77175
Michal,Backend Developer,Gdansk,Poland,58007
Piotr,DevOps Engineer,Warsaw,Poland,57056
Piotr,Backend Developer,Warsaw,Poland,86349
Krzysztof,Project Manager,Warsaw,Poland,91174
Kasia,Quality Assurance Engineer,Krakow,Poland,84682
Krzysztof,Data Scientist,Warsaw,Poland,66596
Anna,DevOps Engineer,Gdansk,Poland,61261
Krzysztof,Quality Assurance Engineer,Wroclaw,Poland,96812
Kasia,Data Scientist,Krakow,Poland,61988
Krzysztof,DevOps Engineer,Warsaw,Poland,92215
Piotr,Quality Assurance Engineer,Warsaw,Poland,66937
Katarzyna,Frontend Developer,Wroclaw,Poland,93131
John,UI/UX Designer,Dresden,Germany,54453
Piotr,Frontend Developer,Warsaw,Poland,71382
Piotr,Senior Software Developer,Gdansk,Poland,80240
Michal,Project Manager,Krakow,Poland,88609
Piotr,Backend Developer,Krakow,Poland,54238
Michal,Quality Assurance Engineer,Wroclaw,Poland,81376
Marek,Product Owner,Krakow,Poland,74702
Piotr,UI/UX Designer,Gdansk,Poland,90729
Marek,Project Manager,Krakow,Poland,61403
Marek,Backend Developer,Krakow,Poland,61068
Katarzyna,Data Scientist,Wroclaw,Poland,87453
Kasia,Backend Developer,Wroclaw,Poland,58926
Marek,Quality Assurance Engineer,Krakow,Poland,63465
Krzysztof,Software Developer,Warsaw,Poland,63355
Marek,Frontend Developer,Gdansk,Poland,87501
Marek,DevOps Engineer,Krakow,Poland,99497
Anna,Project Manager,Krakow,Poland,85945
Michal,Senior Software Developer,Krakow,Poland,50966
Oliver,DevOps Engineer,Nuremberg,Germany,51454
Krzysztof,Product Owner,Warsaw,Poland,51408
Piotr,UI/UX Designer,Krakow,Poland,79433
Anna,Data Scientist,Krakow,Poland,71864
Krzysztof,Product Owner,Krakow,Poland,85474
Katarzyna,Senior Software Developer,Wroclaw,Poland,95795
Kasia,Project Manager,Warsaw,Poland,52355
Sophie,Project Manager,Frankfurt,Germany,53044
Marek,Project Manager,Krakow,Poland,87142
Anna,DevOps Engineer,Krakow,Poland,59720
Anna,UI/UX Designer,Warsaw,Poland,69876
Piotr,Data Scientist,Wroclaw,Poland,86978
Michal,DevOps Engineer,Warsaw,Poland,76947
Eva,Project Manager,Berlin,Germany,40612
Krzysztof,Backend Developer,Wroclaw,Poland,87650
Katarzyna,Frontend Developer,Gdansk,Poland,73042
Katarzyna,Quality Assurance Engineer,Wroclaw,Poland,78014
Piotr,Quality Assurance Engineer,Warsaw,Poland,71090
Marek,Product Owner,Krakow,Poland,87747
Kasia,Senior Software Developer,Gdansk,Poland,52516
Krzysztof,Quality Assurance Engineer,Krakow,Poland,57416
Anna,Project Manager,Krakow,Poland,95412
Felix,Quality Assurance Engineer,Hamburg,Germany,67338
John,Data Scientist,Dresden,Germany,50791
Anna,Product Owner,Wroclaw,Poland,65631
Marek,Backend Developer,Wroclaw,Poland,58453
Katarzyna,DevOps Engineer,Gdansk,Poland,99227
Marek,UI/UX Designer,Wroclaw,Poland,50575
Michal,Project Manager,Gdansk,Poland,78241
Anna,Project Manager,Wroclaw,Poland,65151
Michal,Senior Software Developer,Krakow,Poland,94708
Marek,Product Owner,Warsaw,Poland,77628
Krzysztof,Quality Assurance Engineer,Wroclaw,Poland,85947
Anna,Quality Assurance Engineer,Warsaw,Poland,84906
Alex,Backend Developer,Frankfurt,Germany,62518
Anna,Product Owner,Wroclaw,Poland,61269
Piotr,Backend Developer,Wroclaw,Poland,52699
Michal,Quality Assurance Engineer,Krakow,Poland,59816
Felix,Frontend Developer,Nuremberg,Germany,69929
Marek,DevOps Engineer,Warsaw,Poland,90916
Anna,Senior Software Developer,Gdansk,Poland,97694
Katarzyna,Data Scientist,Wroclaw,Poland,85479
Michal,Quality Assurance Engineer,Krakow,Poland,75032
Anna,Senior Software Developer,Krakow,Poland,90523
Maria,Frontend Developer,Nuremberg,Germany,69468
Katarzyna,Product Owner,Krakow,Poland,97940
Michal,Product Owner,Krakow,Poland,79849
Felix,Quality Assurance Engineer,Berlin,Germany,48772
Marek,DevOps Engineer,Wroclaw,Poland,58017
Michal,Product Owner,Warsaw,Poland,88120
Krzysztof,Project Manager,Warsaw,Poland,67869
Kasia,UI/UX Designer,Warsaw,Poland,61291
Michal,Senior Software Developer,Wroclaw,Poland,86542
Krzysztof,Backend Developer,Krakow,Poland,84911
Michal,Frontend Developer,Gdansk,Poland,95487
Anna,Backend Developer,Wroclaw,Poland,98139
Michal,Backend Developer,Wroclaw,Poland,61957
Piotr,Project Manager,Wroclaw,Poland,90709
Anna,DevOps Engineer,Krakow,Poland,74277
Katarzyna,Frontend Developer,Gdansk,Poland,91763
Kasia,UI/UX Designer,Krakow,Poland,57196
Piotr,Senior Software Developer,Warsaw,Poland,62411
Anna,Quality Assurance Engineer,Warsaw,Poland,90293
Sophie,Software Developer,Hamburg,Germany,63351
Krzysztof,UI/UX Designer,Warsaw,Poland,68320
Anna,Backend Developer,Krakow,Poland,69462
Anna,DevOps Engineer,Krakow,Poland,70349
Krzysztof,Data Scientist,Krakow,Poland,57745
Katarzyna,Senior Software Developer,Krakow,Poland,90096
Kasia,Product Owner,Warsaw,Poland,92304
Marek,Software Developer,Warsaw,Poland,86674
Piotr,Backend Developer,Wroclaw,Poland,96537
Kasia,Quality Assurance Engineer,Krakow,Poland,99922
Krzysztof,UI/UX Designer,Wroclaw,Poland,97290
Marek,Quality Assurance Engineer,Gdansk,Poland,68139
Anna,Frontend Developer,Krakow,Poland,84363
Oliver,Senior Software Developer,Bremen,Germany,69230
Krzysztof,Backend Developer,Wroclaw,Poland,87480
Kasia,Senior Software Developer,Krakow,Poland,96913
Krzysztof,UI/UX Designer,Gdansk,Poland,79056
Marek,UI/UX Designer,Gdansk,Poland,83545
Piotr,Product Owner,Wroclaw,Poland,75473
Anna,Project Manager,Wroclaw,Poland,80088
Michal,Software Developer,Gdansk,Poland,96126
Michal,Product Owner,Gdansk,Poland,71802
Katarzyna,DevOps Engineer,Krakow,Poland,69554
Michal,UI/UX Designer,Wroclaw,Poland,58175
Kasia,UI/UX Designer,Warsaw,Poland,95289
Krzysztof,Software Developer,Gdansk,Poland,52973
Michal,Frontend Developer,Gdansk,Poland,62364
Marek,UI/UX Designer,Wroclaw,Poland,83190
Krzysztof,Project Manager,Gdansk,Poland,73064
Krzysztof,UI/UX Designer,Wroclaw,Poland,72524
Krzysztof,Product Owner,Krakow,Poland,95085
Kasia,Project Manager,Wroclaw,Poland,56118
Marek,Product Owner,Warsaw,Poland,90277
Piotr,Backend Developer,Wroclaw,Poland,76347
Piotr,Senior Software Developer,Wroclaw,Poland,95539
Anna,DevOps Engineer,Gdansk,Poland,86522
Anna,Product Owner,Wroclaw,Poland,81003
Piotr,Product Owner,Gdansk,Poland,79043
Michal,Backend Developer,Gdansk,Poland,84565
Oliver,Backend Developer,Dresden,Germany,67186
Kasia,Senior Software Developer,Warsaw,Poland,67195
Michal,Software Developer,Gdansk,Poland,86114
Piotr,Quality Assurance Engineer,Gdansk,Poland,64505
Krzysztof,UI/UX Designer,Warsaw,Poland,84442
Kasia,Backend Developer,Wroclaw,Poland,58557
Anna,Frontend Developer,Warsaw,Poland,73311
John,DevOps Engineer,Munich,Germany,75637
Piotr,Product Owner,Wroclaw,Poland,62673
Piotr,Senior Software Developer,Warsaw,Poland,53031
Piotr,Senior Software Developer,Gdansk,Poland,96072
Michal,DevOps Engineer,Wroclaw,Poland,87550
Katarzyna,Software Developer,Warsaw,Poland,83595
Krzysztof,Project Manager,Wroclaw,Poland,65156
Piotr,Backend Developer,Gdansk,Poland,72209
Felix,Data Scientist,Dresden,Germany,71327
Anna,DevOps Engineer,Krakow,Poland,78996
Katarzyna,Frontend Developer,Wroclaw,Poland,78384
Sophie,Frontend Developer,Munich,Germany,70305
Michal,Software Developer,Warsaw,Poland,74434
Katarzyna,Project Manager,Warsaw,Poland,71166
Michal,Software Developer,Wroclaw,Poland,84505
Katarzyna,Project Manager,Wroclaw,Poland,64279
Oliver,Senior Software Developer,Nuremberg,Germany,65999
Marek,Data Scientist,Gdansk,Poland,61154
Kasia,Data Scientist,Wroclaw,Poland,70903
Alex,DevOps Engineer,Bremen,Germany,54683
Michal,Quality Assurance Engineer,Gdansk,Poland,81271
Katarzyna,Product Owner,Krakow,Poland,58268
Krzysztof,Software Developer,Wroclaw,Poland,79231
Anna,Senior Software Developer,Gdansk,Poland,59898
Katarzyna,DevOps Engineer,Krakow,Poland,98937
Piotr,Project Manager,Wroclaw,Poland,94461
Nina,Data Scientist,Dresden,Germany,72236
Krzysztof,Backend Developer,Gdansk,Poland,75929
Anna,Data Scientist,Warsaw,Poland,57087
Michal,Project Manager,Krakow,Poland,86813
Marek,Project Manager,Krakow,Poland,53626
Krzysztof,Backend Developer,Krakow,Poland,51971
Krzysztof,Data Scientist,Krakow,Poland,66576
Piotr,Project Manager,Gdansk,Poland,85847
Michal,Software Developer,Warsaw,Poland,73288
Krzysztof,UI/UX Designer,Gdansk,Poland,50609
Anna,Backend Developer,Warsaw,Poland,55623
Piotr,UI/UX Designer,Warsaw,Poland,91062
Marek,Senior Software Developer,Wroclaw,Poland,69638
Michal,Product Owner,Wroclaw,Poland,53939
Alex,Data Scientist,Hamburg,Germany,77496
Piotr,Senior Software Developer,Gdansk,Poland,56193
Krzysztof,UI/UX Designer,Krakow,Poland,77673
Krzysztof,Senior Software Developer,Gdansk,Poland,87910
Michal,Data Scientist,Warsaw,Poland,68959
John,Product Owner,Stuttgart,Germany,53098
Anna,Senior Software Developer,Warsaw,Poland,83924
Katarzyna,Backend Developer,Wroclaw,Poland,64367
Marek,Product Owner,Wroclaw,Poland,58637
Krzysztof,Software Developer,Warsaw,Poland,66845
Katarzyna,Senior Software Developer,Warsaw,Poland,94399
Marek,DevOps Engineer,Wroclaw,Poland,91029
Piotr,Quality Assurance Engineer,Gdansk,Poland,72044
Oliver,DevOps Engineer,Frankfurt,Germany,79198
Anna,Quality Assurance Engineer,Wroclaw,Poland,81317
Krzysztof,UI/UX Designer,Gdansk,Poland,89776
Katarzyna,DevOps Engineer,Wroclaw,Poland,66240
Anna,Backend Developer,Warsaw,Poland,92409
Piotr,DevOps Engineer,Warsaw,Poland,81730
Piotr,Product Owner,Warsaw,Poland,83830
Sophie,Backend Developer,Frankfurt,Germany,47117
Piotr,Software Developer,Warsaw,Poland,59241
Marek,Project Manager,Gdansk,Poland,67011
Anna,Project Manager,Warsaw,Poland,81126
Piotr,Backend Developer,Wroclaw,Poland,73911
Marek,DevOps Engineer,Warsaw,Poland,92495
Kasia,Senior Software Developer,Warsaw,Poland,66369
Michal,UI/UX Designer,Warsaw,Poland,57905
Katarzyna,Quality Assurance Engineer,Wroclaw,Poland,90081
Piotr,Senior Software Developer,Krakow,Poland,73067
Piotr,Product Owner,Krakow,Poland,55923
Piotr,Software Developer,Wroclaw,Poland,57866
Michal,Quality Assurance Engineer,Gdansk,Poland,77781
Piotr,Project Manager,Gdansk,Poland,98779
Anna,UI/UX Designer,Gdansk,Poland,60041
Kasia,Quality Assurance Engineer,Gdansk,Poland,73902
Lena,DevOps Engineer,Stuttgart,Germany,46688
Piotr,Quality Assurance Engineer,Gdansk,Poland,62055
Katarzyna,Senior Software Developer,Krakow,Poland,86304
Piotr,Product Owner,Warsaw,Poland,75279
Piotr,DevOps Engineer,Krakow,Poland,57722
Krzysztof,Quality Assurance Engineer,Gdansk,Poland,62578
Michal,Data Scientist,Krakow,Poland,55512
John,Quality Assurance Engineer,Dresden,Germany,45041
Marek,Software Developer,Wroclaw,Poland,72801
John,UI/UX Designer,Berlin,Germany,58719
Piotr,UI/UX Designer,Gdansk,Poland,91330
Krzysztof,Software Developer,Wroclaw,Poland,50389
Katarzyna,Senior Software Developer,Warsaw,Poland,58440
Kasia,Data Scientist,Wroclaw,Poland,95330
Kasia,Backend Developer,Warsaw,Poland,83518
Piotr,Quality Assurance Engineer,Wroclaw,Poland,67583
Marek,Data Scientist,Wroclaw,Poland,91824
Marek,UI/UX Designer,Wroclaw,Poland,86679
Katarzyna,Software Developer,Gdansk,Poland,98441
Anna,Data Scientist,Warsaw,Poland,91740
Anna,Software Developer,Wroclaw,Poland,95324
Sophie,Quality Assurance Engineer,Berlin,Germany,60835
Kasia,Software Developer,Gdansk,Poland,78655
Marek,UI/UX Designer,Gdansk,Poland,79933
Anna,DevOps Engineer,Warsaw,Poland,67945
Piotr,Data Scientist,Krakow,Poland,76225
Katarzyna,Senior Software Developer,Warsaw,Poland,96836
Krzysztof,Frontend Developer,Warsaw,Poland,53773
Piotr,UI/UX Designer,Warsaw,Poland,98759
Anna,Quality Assurance Engineer,Wroclaw,Poland,83176
Michal,Software Developer,Warsaw,Poland,76089
Krzysztof,Quality Assurance Engineer,Gdansk,Poland,71845
Krzysztof,UI/UX Designer,Wroclaw,Poland,51336
Kasia,Quality Assurance Engineer,Wroclaw,Poland,94174
Krzysztof,Project Manager,Wroclaw,Poland,72025
Anna,Project Manager,Krakow,Poland,60248
Anna,Quality Assurance Engineer,Warsaw,Poland,51230
Kasia,Backend Developer,Warsaw,Poland,54512
Anna,Product Owner,Wroclaw,Poland,58412
Katarzyna,UI/UX Designer,Gdansk,Poland,90825
Michal,UI/UX Designer,Gdansk,Poland,54597
Marek,Senior Software Developer,Wroclaw,Poland,97219
Michal,UI/UX Designer,Wroclaw,Poland,98370
Katarzyna,Backend Developer,Krakow,Poland,51974
Kasia,Data Scientist,Warsaw,Poland,89345
Felix,Product Owner,Munich,Germany,55961
Marek,Project Manager,Gdansk,Poland,93918
Kasia,UI/UX Designer,Gdansk,Poland,66897
Anna,Frontend Developer,Wroclaw,Poland,68993
Katarzyna,Project Manager,Gdansk,Poland,87003
Kasia,Software Developer,Krakow,Poland,55105
Michal,Project Manager,Krakow,Poland,88352
Piotr,DevOps Engineer,Krakow,Poland,57688
Michal,Backend Developer,Warsaw,Poland,81498
Krzysztof,Senior Software Developer,Warsaw,Poland,51441
Marek,Project Manager,Warsaw,Poland,55347
Katarzyna,DevOps Engineer,Gdansk,Poland,69020
Piotr,Frontend Developer,Gdansk,Poland,67665
Eva,Frontend Developer,Munich,Germany,53015
Anna,Quality Assurance Engineer,Krakow,Poland,87041
Anna,Data Scientist,Krakow,Poland,58496
Alex,Frontend Developer,Nuremberg,Germany,63641
Krzysztof,UI/UX Designer,Krakow,Poland,57412
Michal,Frontend Developer,Warsaw,Poland,80997
Anna,Project Manager,Wroclaw,Poland,88243
Alex,Quality Assurance Engineer,Hamburg,Germany,49700
Katarzyna,Backend Developer,Wroclaw,Poland,97930
Anna,UI/UX Designer,Krakow,Poland,61567
Piotr,UI/UX Designer,Krakow,Poland,89882
Piotr,Data Scientist,Gdansk,Poland,76677
Michal,Senior Software Developer,Gdansk,Poland,97799
Marek,UI/UX Designer,Krakow,Poland,71937
Marek,Software Developer,Wroclaw,Poland,95536
Alex,Software Developer,Berlin,Germany,64958
Piotr,Frontend Developer,Warsaw,Poland,58005
Anna,Project Manager,Gdansk,Poland,73611
Anna,UI/UX Designer,Warsaw,Poland,79327
Anna,Frontend Developer,Warsaw,Poland,65105
Piotr,Frontend Developer,Gdansk,Poland,53221
Krzysztof,Product Owner,Gdansk,Poland,74676
Anna,Backend Developer,Warsaw,Poland,77589
Michal,Quality Assurance Engineer,Krakow,Poland,69832
Krzysztof,Data Scientist,Krakow,Poland,87342
Marek,Quality Assurance Engineer,Wroclaw,Poland,99396
Piotr,Frontend Developer,Krakow,Poland,80613
Piotr,Senior Software Developer,Warsaw,Poland,52771
Katarzyna,Senior Software Developer,Krakow,Poland,82031
Michal,Frontend Developer,Gdansk,Poland,67701
Kasia,Project Manager,Wroclaw,Poland,74185
Marek,Software Developer,Krakow,Poland,72831
Krzysztof,Quality Assurance Engineer,Gdansk,Poland,58180
Marek,Quality Assurance Engineer,Gdansk,Poland,50893
